serie,grupo,temporalidad,unidad,formato,frecuencia,n_entidades,n_obs,inicio,fin,cobertura_%,media,std,min,max,ceros_%,agregacion,mb
demanda_upme_alto,demanda,ex_ante,kWh/mes,largo,mensual,1,132,2015-01-01,2025-12-01,100.0,6377311509.426049,588315123.9435302,5252530000.0,7551000000.0,0.0,sum,0.0
demanda_upme_bajo,demanda,ex_ante,kWh/mes,largo,mensual,1,132,2015-01-01,2025-12-01,100.0,6045968774.954117,470317866.74921685,5081930000.0,6905000000.0,0.0,sum,0.0
demanda_upme_medio,demanda,ex_ante,kWh/mes,largo,mensual,1,132,2015-01-01,2025-12-01,100.0,6210486038.043195,527530877.61184585,5167100000.0,7224000000.0,0.0,sum,0.0
cee,economica,ex_ante,COP/kWh,largo,mensual,1,132,2015-01-01,2025-12-01,100.0,65.71993939393938,14.911701294368864,36.734,99.646,0.0,mean,0.0
cere,economica,ex_ante,COP/kWh,largo,mensual,1,132,2015-01-01,2025-12-01,100.0,69.07228727272727,15.574176860706476,38.65015,102.47888,0.0,mean,0.0
mc,economica,ex_ante,COP/kWh,largo,mensual,1,132,2015-01-01,2025-12-01,100.0,232.00295856060606,55.91076530434703,146.81409,313.89113,0.0,mean,0.0
enficc,escasez,ex_ante,kWh,largo,diaria,1,4018,2015-01-01,2025-12-31,100.0,228294002.81169635,13802243.505328696,209168694.5976,249643862.76526,0.0,sum,0.0
precio_cargo_conf,escasez,ex_ante,COP/kWh,largo,diaria,82,4018,2015-01-01,2025-12-31,100.0,61.42961875360637,13.554870751061022,35.983191923076916,90.49030044117647,0.0,mean,0.5
precio_escasez,escasez,ex_ante,COP/kWh,largo,diaria,1,4018,2015-01-01,2025-12-31,100.0,574.5075743827774,207.7106670050633,289.78734,1037.23236,0.0,mean,0.0
precio_escasez_act,escasez,ex_ante,COP/kWh,largo,diaria,1,2647,2017-12-01,2025-02-28,65.9,852.117151722705,265.5252457978822,562.99838,1790.95199,0.0,mean,0.0
precio_escasez_inf,escasez,ex_ante,COP/kWh,largo,diaria,1,306,2025-03-01,2025-12-31,7.6,337.2441259477124,7.515929379296769,323.89204,350.0827,0.0,mean,0.0
precio_escasez_pon,escasez,ex_ante,COP/kWh,largo,diaria,1,2590,2018-10-01,2025-12-31,64.5,853.0354631814671,245.27385886625103,527.4859,1671.03047,0.0,mean,0.0
precio_marg_escasez,escasez,ex_ante,COP/kWh,largo,diaria,1,2953,2017-12-01,2025-12-31,73.5,855.2630547307822,251.7659991671065,562.99838,1790.95199,0.0,mean,0.0
costo_marginal_prog,oferta,ex_ante,COP/kWh,ancho_horario,diaria,1,4018,2015-01-01,2025-12-31,100.0,258.782550368559,254.25138417194333,57.72649708333333,2927.1356825,0.0,mean,0.4
disp_comercial,oferta,ex_ante,kWh,ancho_horario,diaria,508,4018,2015-01-01,2025-12-31,100.0,342502590.0213638,27900889.023375534,215854977.78,423268415.1,0.0,sum,119.6
disp_declarada,oferta,ex_ante,kWh,ancho_horario,diaria,486,4018,2015-01-01,2025-12-31,100.0,345848164.8033848,31878711.633802492,220016160.0,434804850.0,0.0,sum,12.5
disp_real,oferta,ex_ante,kWh,ancho_horario,diaria,486,4018,2015-01-01,2025-12-31,100.0,329242221.9089099,23843733.04069882,212407826.0,400778332.0,0.0,sum,6.5
gen_programada,oferta,ex_ante,kWh,ancho_horario,diaria,482,4017,2015-01-01,2025-12-31,100.0,197181132.74363208,22236467.301992036,136337514.61,249602061.3,0.0,sum,27.8
max_precio_oferta,oferta,ex_ante,COP/kWh,ancho_horario,diaria,1,3994,2015-01-01,2025-12-31,99.4,290.5555794031226,279.14067128754886,58.585,2498.80407,0.0,mean,0.6
precio_oferta_desp,oferta,ex_ante,COP/kWh,ancho_horario,diaria,90,4017,2015-01-01,2025-12-31,100.0,387.043105952586,138.32725201227527,213.55632075471695,1819.197015194805,0.0,mean,14.5
recurso_marginal,oferta,ex_ante,recurso-horas marginales,ancho_horario,diaria,71,4018,2015-01-01,2025-12-31,100.0,23.989795918367346,0.12679542803602675,21.0,24.0,0.0,sum,0.2
irradiacion_global,clima,estado,W/m2,largo,diaria,38,1769,2021-01-01,2025-12-16,44.0,428.6624795028711,98.33086441390833,22.04671,2103.79251,0.0,mean,0.2
irradiacion_panel,clima,estado,W/m2,largo,diaria,38,1770,2021-01-01,2025-12-16,44.1,471.3812449023787,125.50126062591922,9.70331,2279.8851,0.0,mean,0.2
temp_ambiente_solar,clima,estado,C,largo,diaria,38,1771,2021-01-01,2025-12-16,44.1,28.905837975928875,4.055908009679417,14.551589999999997,123.90473,0.0,mean,0.2
temp_panel,clima,estado,C,largo,diaria,38,1770,2021-01-01,2025-12-16,44.1,39.951553818562296,6.329781207574343,2.22192,159.7488,0.0,mean,0.2
demanda_no_regulada,demanda,estado,kWh,ancho_horario,diaria,1,4018,2015-01-01,2025-12-31,100.0,62909466.288101055,7801585.748530256,35207077.1,79970074.50999999,0.0,sum,1.0
demanda_por_or,demanda,estado,kWh,ancho_horario,diaria,35,4018,2015-01-01,2025-12-31,100.0,184754693.3511399,18471168.202105246,122819276.75,226877025.0,0.0,sum,25.4
demanda_regulada,demanda,estado,kWh,ancho_horario,diaria,1,4018,2015-01-01,2025-12-31,100.0,137061283.16896218,13827883.960719928,98655452.42999999,170461326.62999997,0.0,sum,1.0
compras_contrato,economica,estado,kWh,ancho_horario,diaria,1,4018,2015-01-01,2025-12-31,100.0,225195560.76603782,40248388.68726867,133137529.86000001,329292312.72,0.0,sum,1.1
precio_cont_no_regu,economica,estado,COP/kWh,ancho_horario,diaria,1,4018,2015-01-01,2025-12-31,100.0,210.31786424651568,60.29216912745283,119.87741708333334,339.4468991666667,0.0,mean,0.9
precio_prom_contrato,economica,estado,COP/kWh,ancho_horario,diaria,1,4018,2015-01-01,2025-12-31,100.0,231.73036352248215,55.42071764358342,146.24161999999998,327.37387833333344,0.0,mean,0.9
aportes_media_hist,hidrologia,estado,kWh,largo,diaria,1,4018,2015-01-01,2025-12-31,100.0,186297882.03086114,52873678.45400654,88320000.0,287950000.0,0.0,sum,0.0
aportes_pct_rio,hidrologia,estado,fraccion,largo,diaria,47,4018,2015-01-01,2025-12-31,100.0,0.9292595063638546,0.3340220483421979,0.35361024390243906,5.760553823529413,0.0,mean,1.0
aportes_pct_sistema,hidrologia,estado,fraccion,largo,diaria,1,4018,2015-01-01,2025-12-31,100.0,0.9449749900447983,0.3703099968146468,0.28189,3.44184,0.0,mean,0.1
aportes_por_rio,hidrologia,estado,kWh,largo,diaria,47,4018,2015-01-01,2025-12-31,100.0,176882567.97335488,87760747.71565603,36780700.0,643075500.0,0.0,sum,0.8
capacidad_por_embalse,hidrologia,estado,kWh,largo,diaria,24,4018,2015-01-01,2025-12-31,100.0,17122332109.621454,441844362.18555367,16065158556.0,18237183030.0,0.0,sum,0.1
vertimientos,hidrologia,estado,kWh,largo,diaria,1,2505,2015-02-02,2025-12-31,62.3,25899924.77019906,32294276.721453622,41.07216,184672447.83497,0.0,sum,0.1
volumen_por_embalse,hidrologia,estado,kWh,largo,diaria,24,4018,2015-01-01,2025-12-31,100.0,11130660630.559856,2459001631.70368,4958518300.0,15649798000.0,0.0,sum,0.7
volumen_util_pct,hidrologia,estado,fraccion,largo,diaria,1,4018,2015-01-01,2025-12-31,100.0,0.6496392035838726,0.140525987882363,0.28564,0.88244,0.0,mean,0.1
volumen_util_pct_emb,hidrologia,estado,fraccion,largo,diaria,24,4018,2015-01-01,2025-12-31,100.0,0.6412503741370706,0.1288147880704402,0.2565175,0.8998295652173912,0.0,mean,0.6
exportaciones,contexto,ex_post,kWh,ancho_horario,diaria,1,3609,2015-01-01,2025-12-31,89.8,1358679.135918537,2733543.8856118913,30.0,10887289.059999999,0.0,sum,0.5
importaciones,contexto,ex_post,kWh,ancho_horario,diaria,1,3461,2015-01-01,2025-12-17,86.1,1538319.5326610806,2522813.555558348,6.89,10911030.18,0.0,sum,0.6
perdidas_energia,contexto,ex_post,kWh,ancho_horario,diaria,1,4018,2015-01-01,2025-12-31,100.0,2945192.6687132902,638783.5681728144,-2118569.8099999996,7079951.74,0.0,sum,1.0
restricciones,contexto,ex_post,COP,ancho_horario,diaria,1,4018,2015-01-01,2025-12-31,100.0,4146963431.667815,3246781553.0142083,-50152613983.2367,38253912601.53001,0.0,sum,1.3
restricciones_sin_aliv,contexto,ex_post,COP,ancho_horario,diaria,1,4018,2015-01-01,2025-12-31,100.0,3873909245.1371727,2804284313.6711745,-8022823746.679998,37748185536.38,0.0,sum,1.3
dem_no_atendida_noprog,demanda,ex_post,kWh,largo,diaria,6,3332,2015-01-01,2025-12-31,82.9,77757.35894357743,162862.05186274508,620.0,6638550.0,0.0,sum,0.1
demanda_no_atendida,demanda,ex_post,kWh,largo,semanal,6,1585,2015-01-02,2025-12-28,100.0,222474.4479495268,315637.946097471,10.0,6719490.0,0.0,sum,0.0
consumo_combustible,generacion,ex_post,MBTU,ancho_horario,diaria,48,4018,2015-01-01,2025-12-31,100.0,389868.23089665006,189523.59472341178,113521.37464000001,1104847.10969,0.0,sum,13.5
emisiones_co2_sistema,generacion,ex_post,tCO2,ancho_horario,diaria,1,2922,2018-01-01,2025-12-31,72.7,3716.428060629705,1647.2555183910847,1273.4081999999999,9311.50193,0.0,sum,0.7
gen_fuera_merito,generacion,ex_post,kWh,ancho_horario,diaria,104,4018,2015-01-01,2025-12-31,100.0,18524934.875067193,5776061.243756605,8221969.26,102582905.63000001,0.0,sum,14.5
gen_por_recurso,generacion,ex_post,kWh,ancho_horario,diaria,497,4018,2015-01-01,2025-12-31,100.0,200782769.23165008,22447079.569794502,135515741.96,255464973.12,0.0,sum,111.6
gen_seguridad,generacion,ex_post,kWh,ancho_horario,diaria,98,4017,2015-01-01,2025-12-31,100.0,35256669.388825,10997814.807216238,2340502.2600000002,144107162.03,0.0,sum,7.7
capacidad_efectiva,estructura,estructural,kW,largo,diaria,1356,4018,2015-01-01,2025-12-31,100.0,17885177.667598307,1611064.7189059197,15488948.0,21467634.72,0.0,sum,1.2
