modelo,grupo,n,MAPE_%,RMSE_COP,MAE_COP,RMSE_log,DA_%
Ingenuo (precio ayer),bajo,366,16.32240554195221,46.806794504832105,29.21750517759563,0.21832971554490882,
Ingenuo (precio ayer),medio,364,13.425093973974114,73.27601699334325,52.98045428571429,0.1875503285806839,
Ingenuo (precio ayer),alto,366,8.821173281434827,184.95362476797496,84.66850477231328,0.14737567765439025,
Ingenuo (precio ayer),2023,365,10.772165955052659,70.88631253764481,48.43682881278538,0.1561918472013466,
Ingenuo (precio ayer),2024,366,13.476425269391623,184.9269767324589,84.8960751183971,0.20128762837291342,
Ingenuo (precio ayer),2025,365,14.315265297793648,50.364240819405985,33.46783285388127,0.199079647534626,
Δ expansiva,bajo,366,16.054194613737,47.169602260219165,28.22770583031508,0.20937543953681725,62.568306010928964
Δ expansiva,medio,364,12.53817879134087,67.85524860303333,49.205416641884874,0.1668400884471977,61.81318681318682
Δ expansiva,alto,366,8.368824386311855,173.9092877724369,81.10186718127791,0.13512835195094586,66.12021857923497
Δ expansiva,2023,365,10.347584171372851,67.34584338870079,46.340712719101084,0.1444909023790154,64.65753424657534
Δ expansiva,2024,366,12.597937055300992,173.97900032501474,80.21904763222787,0.18694304911458817,63.114754098360656
Δ expansiva,2025,365,14.013722874725214,47.57106357786868,31.920174805539254,0.1846785275330658,62.73972602739726
Δ deslizante,bajo,366,16.435650546017964,47.24622645329248,28.73695058856853,0.21277534337781104,63.934426229508205
Δ deslizante,medio,364,12.562078386065387,67.4139119855132,49.26295370156535,0.1650915547563959,60.16483516483516
Δ deslizante,alto,366,8.315704943007947,176.33432390695182,80.64359104780995,0.13620252394649449,63.661202185792355
Δ deslizante,2023,365,10.507682793666886,68.45642283535156,47.13497450323514,0.14746946213952786,61.64383561643836
Δ deslizante,2024,366,12.413897043293549,175.60173282608346,78.62795930618195,0.1858868727524222,63.114754098360656
Δ deslizante,2025,365,14.39123864103406,48.40202246709072,32.829848182303785,0.18650481344808711,63.013698630136986
