modelo,n,RMSE_log,MAE_log,MAPE_niv,DA_pct,DM,p_DM,p_FDR,DM_ingenuo,p_ingenuo,mejora_MAPE_pp,signif_FDR,ventana
AR+HIDRO+OFERTA+CLIMA,1096,0.10589653018143921,0.07228872364570875,7.337731151308366,59.67153284671532,-4.134706806324955,3.825653969879994e-05,0.000155132188245366,-3.9467310491828402,8.427516309650329e-05,0.7385510006623557,True,2020-01-01_2022-12-31
AR+HIDRO+OFERTA+DEM,1096,0.10623652806349759,0.07233733765991823,7.338888221622267,59.854014598540154,-3.7337958885302265,0.000198322329722167,0.0004462252418748758,-3.570091061750524,0.0003723326953113393,0.7373939303484542,True,2020-01-01_2022-12-31
AR+HIDRO+OFERTA,1096,0.10595054013568661,0.07239005481730745,7.344509266343441,60.21897810218978,-4.063879607325095,5.1710729415122e-05,0.000155132188245366,-3.7496704573015314,0.000186329294328047,0.7317728856272803,True,2020-01-01_2022-12-31
COMPLETO,1096,0.10558641522468849,0.07291091866473082,7.401490285165438,59.397810218978094,-4.421160079978496,1.0794454331941594e-05,9.715008898747435e-05,-4.153740339977598,3.525313263219587e-05,0.6747918668052835,True,2020-01-01_2022-12-31
AR+HIDRO+OFERTA+COMB,1096,0.1066380832165285,0.0734476513521679,7.466939218581786,59.03284671532847,-3.642397119646526,0.0002827544416867944,0.0005089579950362299,-3.4390560907587835,0.0006057170482460794,0.6093429333889349,True,2020-01-01_2022-12-31
INGENUO (precio ayer),1096,0.11452366910855453,0.07668532379548709,7.757364184442649,,,,,,,,False,2020-01-01_2022-12-31
AR+HIDRO,1096,0.11145929455195983,0.07715530259040676,7.799057930264046,55.839416058394164,-1.3711027577810322,0.17062385532713242,0.19195183724302398,-1.6272942406002042,0.10396231318887228,0.2772242217066756,False,2020-01-01_2022-12-31
AR+OFERTA,1096,0.10968077413389497,0.07640827926362133,7.811269269543489,56.47810218978102,-2.3687059612849537,0.018023245076669525,0.023172743670003673,-2.302030648803474,0.021520387475471914,0.2650128824272322,True,2020-01-01_2022-12-31
AR+CLIMA,1096,0.11274217033755932,0.07763787869679907,7.841353777802736,51.64233576642335,-0.6526731431010193,0.5141040148258136,0.5141040148258136,-1.1804816406083884,0.23806507160922408,0.2349283741679855,False,2020-01-01_2022-12-31
AR,1096,0.11354731982823481,0.07960685123759288,8.076282151970721,51.73357664233576,,,,-0.5511707977075262,0.5816290383794267,0.0,False,2020-01-01_2022-12-31
AR+COMBUSTIBLE,1096,0.11746342956335089,0.08230109553974012,8.348478842307152,52.46350364963504,3.3664669144243327,0.0007878202313700289,0.0011817303470550433,1.8680133509887042,0.06202713640885715,-0.2721966903364308,True,2020-01-01_2022-12-31
