modelo,n,RMSE_log,MAE_log,MAPE_niv,DA_pct,DM,p_DM,DM_ingenuo,p_ingenuo,mejora_MAPE_pp,ventana
INGENUO (precio ayer),1096,0.11452366910855453,0.07668532379548709,7.757364184442649,,,,,,,2020-01-01_2022-12-31
AR,1096,0.11140464350301267,0.07678261465657957,7.793009803971858,54.1058394160584,,,-1.895091627237059,0.05834346100261989,0.0,2020-01-01_2022-12-31
AR+CLIMA,1096,0.11011745882137336,0.07525305423158268,7.615099282929244,55.38321167883211,-1.249428443645793,0.21177540994568145,-2.8821557921877097,0.0040267860121459,0.1779105210426133,2020-01-01_2022-12-31
AR+CONTRATOS,1096,0.11257674543967038,0.07797749839043878,7.930521391864851,55.38321167883211,1.844091581047617,0.06543980740433075,-1.1400113786903705,0.2545308571446123,-0.13751158789299378,2020-01-01_2022-12-31
AR+DEMANDA,1096,0.11054249669293804,0.07603577336074677,7.68338495923518,58.85036496350365,-0.4796564272460036,0.6315675027865124,-1.9723614605670179,0.048819658974209146,0.10962484473667722,2020-01-01_2022-12-31
AR+EXPOST,1096,0.11148558930761279,0.07666393678414991,7.79749019365594,56.02189781021898,0.05582970852596946,0.9554876527542406,-1.7142996452552572,0.0867566866052456,-0.004480389684082375,2020-01-01_2022-12-31
AR+HIDRO,1096,0.10839924985489896,0.07471794200286318,7.540872242025653,55.93065693430657,-2.3861290730492697,0.017195894054657712,-3.4330395406103396,0.0006191712142908923,0.2521375619462045,2020-01-01_2022-12-31
AR+OFERTA,1096,0.10856201603446963,0.07464888730220016,7.629808859996881,57.57299270072993,-1.917577279044038,0.05542455333846785,-3.0105025068921605,0.0026679220422389793,0.1632009439749762,2020-01-01_2022-12-31
AR+REGULATORIO,1096,0.11171876257574556,0.07709887870545737,7.83568659429543,53.74087591240876,1.2360863692344404,0.21669154805452417,-1.695909563795482,0.09018726350656525,-0.04267679032357208,2020-01-01_2022-12-31
