,bloque,grupo_corr,adf_pvalue,estacionaria,mi,mi_n_obs,granger_p,granger_p_fdr,granger_signif,lasso_abs,perm_imp,r_mi,r_lasso,r_perm,voto_granger,voto_mi,voto_lasso,voto_perm,votos,score
demanda_no_regulada_lag1,DEMANDA,152,2.761533555166244e-07,True,0.046550647802131806,1825,3.2049545276886625e-24,3.482139784137412e-23,True,0.013514220490534827,0.04017841436322052,0.8109452736318408,0.9975062344139651,1.0,1,1,1,1,4,0.9361505026819353
log_precio_lag1,AR,224,2.886458295220097e-15,True,0.039425986839610516,1824,7.645911028533183e-194,3.0736562334703397e-191,True,0.006086073211682357,0.0052515188228504425,0.7338308457711443,0.9850374064837906,0.9875311720698254,1,1,1,1,4,0.9021331414415868
gen_programada_lag1,OFERTA,154,0.0019931939702846797,True,0.03660243030152088,1824,1.1134335017296728e-25,1.4920008923177617e-24,True,0.00401624405989974,0.018815674747996492,0.7064676616915423,0.9800498753117207,0.9975062344139651,1,1,1,1,4,0.8946745904724094
gen_por_recurso_lag7,EXPOST,159,0.00015372208497243633,True,0.037133581461445075,1819,5.324153561010697e-25,6.295028622136177e-24,True,0.0026962108079453713,0.0013276771524422081,0.7164179104477612,0.972568578553616,0.942643391521197,1,1,1,1,4,0.8772099601741914
margen_reserva_lag7,OFERTA,149,1.402617575185167e-05,True,0.05325788368912043,1818,1.037368266525999e-23,1.042555107858629e-22,True,0.002854796791666379,0.0002685352152052123,0.8681592039800995,0.9775561097256857,0.7531172069825436,1,1,1,1,4,0.8662775068961096
aportes_pct_sistema_lag2,HIDRO,114,2.64704973347332e-07,True,0.033721591033425646,1824,3.310143555000431e-05,0.00011571110514001507,True,0.002097020461564163,0.0012232719830482242,0.6766169154228856,0.9625935162094763,0.9351620947630923,1,0,1,1,3,0.8581241754651514
log_precio_ma7,AR,220,4.1151138442250424e-13,True,0.023922985123747686,1822,2.1729785338035588e-55,1.7754449242523813e-53,True,0.007127177709635279,0.008497886915139408,0.5572139303482587,0.9925187032418953,0.9925187032418953,1,0,1,1,3,0.8474171122773497
gen_por_recurso_lag14,EXPOST,157,0.0002776167896190333,True,0.01685567578148106,1812,1.6682230181360274e-26,2.4837987158914187e-25,True,0.013668842569630198,0.018324041315388374,0.4651741293532338,1.0,0.9950124688279302,1,0,1,1,3,0.8200621993937213
consumo_combustible_lag1,EXPOST,195,0.210426835959515,False,0.02153309454294927,1825,4.86034118348963e-28,8.14107148234513e-27,True,0.00023216206520112171,0.001134768902896144,0.5447761194029851,0.940149625935162,0.9201995012468828,1,0,1,1,3,0.8017084155283434
gen_programada_lag7,OFERTA,155,0.003010120784554671,True,0.009900075656766205,1818,8.747862432431749e-26,1.212634723392263e-24,True,0.0058161396342304,0.003112284555104894,0.36318407960199006,0.9825436408977556,0.9775561097256857,1,0,1,1,3,0.7744279434084772
aportes_por_rio_d7,HIDRO,41,3.4491072199633043e-19,True,0.04667980245943504,1818,2.6070991090235234e-10,1.564259465414114e-09,True,0.0,0.0024165319642835857,0.8134328358208955,0.470074812967581,0.970074812967581,1,1,0,1,3,0.7511941539186858
aportes_por_rio_lag2,HIDRO,105,0.0023533005722627754,True,0.04841216106347623,1824,0.003024027131319788,0.00784296068897132,True,0.0,0.00138225521437656,0.8208955223880597,0.470074812967581,0.9451371571072319,1,1,0,1,3,0.7453691641542909
consumo_combustible_lag30,EXPOST,198,0.20156788648793106,False,0.05930239231044698,1796,2.3702303978648295e-12,1.5620206884289533e-11,True,0.0,0.00045708082730033794,0.917910447761194,0.470074812967581,0.8428927680798005,1,1,0,1,3,0.7436260096028585
gen_por_recurso_lag1,EXPOST,151,6.211782413392183e-05,True,0.062302191144065766,1825,1.4643406431222636e-22,1.337874860307159e-21,True,0.0,0.0004100639160716568,0.9303482587064676,0.470074812967581,0.827930174563591,1,1,0,1,3,0.7427844154125465
demanda_upme_bajo_lag14,DEMANDA,165,0.0030048377603112963,True,0.05900452600172157,1812,0.0401151740074441,0.0822770405662884,True,0.0,0.00040479282244159086,0.9129353233830846,0.470074812967581,0.8254364089775561,1,1,0,1,3,0.7361488484427405
gen_programada_lag14,OFERTA,156,0.006262774199306781,True,0.043012320485536826,1811,2.4740429662501706e-26,3.5520188301163164e-25,True,0.0,0.0014711486107666482,0.7587064676616916,0.470074812967581,0.9476309226932669,1,1,0,1,3,0.7254707344408464
compras_contrato_lag14,CONTRATOS,144,0.3736309533938952,False,0.05139467976816192,1812,4.390482977225857e-28,7.673800681933888e-27,True,0.0,0.00042554069009201887,0.845771144278607,0.470074812967581,0.8329177057356608,1,1,0,1,3,0.7162545543272829
perdidas_energia_lag14,EXPOST,72,2.1288716681706624e-13,True,0.036597196621643846,1812,0.004954941417003077,0.01244929031022023,True,0.0,0.002233271611692267,0.7014925373134329,0.470074812967581,0.9675810473815462,1,1,0,1,3,0.71304946588752
demanda_no_regulada_lag14,DEMANDA,158,4.734440600309519e-06,True,0.04824718358121327,1812,3.8851998670740457e-28,7.09931975710803e-27,True,0.0,0.0004752225151013811,0.8159203980099502,0.470074812967581,0.8478802992518704,1,1,0,1,3,0.7112918367431339
log_precio_ma30,AR,222,1.7268647918053867e-14,True,0.03659910032656821,1810,2.331058216294559e-47,1.5618090049173546e-45,True,0.0,0.0012396517633292525,0.7039800995024875,0.470074812967581,0.9376558603491272,1,1,0,1,3,0.7039035909397319
demanda_regulada_lag14,DEMANDA,157,0.015102705499654537,True,0.05232239649449166,1812,3.7787735862087616e-20,2.978562709129259e-19,True,0.0,0.00029515957417624027,0.8631840796019901,0.470074812967581,0.7780548628428927,1,1,0,1,3,0.7037712518041546
precip_cuencas_lag2,CLIMA,48,3.942932195164585e-12,True,0.0,1824,7.674081598574582e-05,0.00025708173355224855,True,0.007098008690138315,0.006585469425417034,0.11194029850746269,0.9900249376558603,0.9900249376558603,1,0,1,1,3,0.6973300579397277
aportes_pct_sistema_d7,HIDRO,41,1.61940017932791e-21,True,0.0,1818,8.528256397864661e-12,5.35681104990874e-11,True,0.010215490160163892,0.001484554451398823,0.11194029850746269,0.9950124688279302,0.9501246882793017,1,0,1,1,3,0.6856924852048983
demanda_por_or_lag30,DEMANDA,141,0.0008334532747312037,True,0.008575137622780282,1796,8.820089674548221e-29,1.866145289035992e-27,True,0.0009302950907508742,0.00025654919593995904,0.3482587064676617,0.9526184538653366,0.7456359102244389,1,0,1,1,3,0.6821710235191457
disp_comercial_lag7,OFERTA,170,0.08828200226844457,False,0.05059028737587923,1819,2.9268507287815736e-07,1.225618742677284e-06,True,0.0,0.00021647454089658292,0.835820895522388,0.470074812967581,0.7306733167082294,1,1,0,1,3,0.6788563417327328
radiacion_cesar_lag2,CLIMA,60,4.199930615857296e-06,True,0.0,1824,0.01651822340314964,0.038832314667053544,True,0.0005502388106278758,0.0031098378349766697,0.11194029850746269,0.9451371571072319,0.9750623441396509,1,0,1,1,3,0.6773799332514484
disp_declarada_d7,OFERTA,217,1.0969061812375593e-16,True,0.0,1818,4.5956056331903907e-10,2.7168139184449074e-09,True,0.0027380031141952046,0.0013001590848546129,0.11194029850746269,0.9750623441396509,0.940149625935162,1,0,1,1,3,0.6757174228607585
evap_cuencas_lag1,CLIMA,44,4.2690225716425625e-05,True,0.0,1825,9.047632942144485e-08,3.9109123040237454e-07,True,0.0006884507711457559,0.0010533018871135224,0.11194029850746269,0.9501246882793017,0.9152119700748129,1,0,1,1,3,0.6590923189538591
precip_cuencas_lag1,CLIMA,43,3.767749372780303e-12,True,0.0,1825,5.6302057554778164e-08,2.6015433490828535e-07,True,0.0006082772726345479,0.0007166550643245229,0.11194029850746269,0.9476309226932669,0.8827930174563591,1,0,1,1,3,0.6474547462190295
demanda_upme_medio_lag14,DEMANDA,165,0.004959178417370297,True,0.03855304128288051,1812,0.03837308847356377,0.07956888735231213,True,0.0,0.00023410619710674264,0.7213930348258707,0.470074812967581,0.7381546134663342,1,1,0,1,3,0.6432074870865953
evap_cuencas_lag2,CLIMA,50,3.8859606315689626e-05,True,0.0,1824,3.415887965881161e-05,0.00011837818640381266,True,0.002288273761953243,0.0003108341533031744,0.11194029850746269,0.9675810473815462,0.7855361596009975,1,0,1,1,3,0.6216858351633355
aportes_media_hist_lag30,HIDRO,110,0.03252143005214406,True,0.05721468872537461,1796,0.7014042207147114,0.7499055764024308,False,0.0,0.0008013985567884907,0.9054726368159204,0.470074812967581,0.8877805486284289,0,1,0,1,2,0.7544426661373101
aportes_media_hist_lag7,HIDRO,108,0.031582267442196374,True,0.07659031215819656,1819,0.12499358952044566,0.2042578170212161,False,0.0,0.0003416255992661599,0.9626865671641791,0.470074812967581,0.8104738154613467,0,1,0,1,2,0.7477450651977021
log_precio_sd7,AR,116,6.102751930693531e-06,True,0.043226166621956,1822,0.3027855988773152,0.41828113659340455,False,0.0,0.003952088716872604,0.7611940298507462,0.470074812967581,0.9825436408977556,0,1,0,1,2,0.7379374945720275
restricciones_sin_aliv_lag14,EXPOST,200,0.02219946335761303,True,0.05198765128682137,1812,0.19580723352257015,0.29816101468209544,False,0.0,0.0004022449065615219,0.8582089552238806,0.470074812967581,0.8229426433915212,0,1,0,1,2,0.7170754705276611
demanda_upme_medio_lag3,DEMANDA,166,0.0054352788757990565,True,0.051853107999702,1823,0.8375607230200346,0.8554082472578833,False,0.0,0.0004021565258545912,0.8532338308457711,0.470074812967581,0.8204488778054863,0,1,0,1,2,0.7145858405396127
temp_andina_med_d7,CLIMA,47,3.9763451717880595e-22,True,0.01913016097072262,1818,0.00041885869360348946,0.001247268109841502,True,0.00028869634159409574,0.00015300202300668752,0.5149253731343284,0.942643391521197,0.6733167082294265,1,0,1,0,2,0.7102951576283173
demanda_upme_medio_lag7,DEMANDA,166,0.0052608907509304045,True,0.05804943844760668,1819,0.6408130993483395,0.7096607877080784,False,0.0,0.0001920844189250981,0.9079601990049752,0.470074812967581,0.71571072319202,0,1,0,1,2,0.6979152450548587
margen_reserva_lag3,OFERTA,136,7.055410381320817e-06,True,0.03602699562920719,1822,1.8477173330405062e-44,9.284779598528544e-43,True,0.0,0.000865973349760818,0.6965174129353234,0.470074812967581,0.8977556109725686,1,0,0,1,2,0.6881159456251577
demanda_regulada_lag7,DEMANDA,159,0.01612197735323767,True,0.02816223714952759,1819,4.676962329614374e-23,4.476409343968671e-22,True,0.0,0.002011783063215622,0.6268656716417911,0.470074812967581,0.9650872817955112,1,0,0,1,2,0.6873425888016277
margen_reserva_lag0,OFERTA,153,3.1566713419376175e-06,True,0.025223940622673524,1825,5.946189741723073e-22,5.196452774288425e-21,True,0.0,0.004349702672794808,0.5895522388059702,0.470074812967581,0.9850374064837906,1,0,0,1,2,0.6815548194191138
disp_real_lag2,OFERTA,171,0.025828439121883172,True,0.05606967471125213,1824,5.311904652569826e-09,2.8841934243594668e-08,True,0.0,0.00015790669927586709,0.8930348258706468,0.470074812967581,0.6807980049875312,1,1,0,0,2,0.6813025479419196
evap_cuencas_d7,CLIMA,46,1.2111947477112815e-21,True,0.03245023003970893,1818,8.409822098346734e-08,3.674726612538464e-07,True,0.0,0.0009223242245924746,0.664179104477612,0.470074812967581,0.9052369077306733,1,0,0,1,2,0.679830275058622
demanda_upme_alto_lag1,DEMANDA,166,0.008841594912665101,True,0.04632700277182433,1825,0.4024771761671735,0.5040740134587024,False,0.0,0.0002807268264151008,0.8059701492537313,0.470074812967581,0.7630922693266833,0,1,0,1,2,0.6797124105159985
mjo_amplitud_lag14,CLIMA,65,6.231974984491732e-08,True,0.04260849010280854,1812,0.09044181900088477,0.1601656882746946,False,0.0,0.00033452555246806794,0.753731343283582,0.470074812967581,0.8079800498753117,0,1,0,1,2,0.677262068708825
perdidas_energia_lag7,EXPOST,71,2.1155544183708064e-13,True,0.04199687920833295,1819,0.09306152415213989,0.16336564501816697,False,0.0,0.0003239613976800504,0.7512437810945274,0.470074812967581,0.800498753117207,0,1,0,1,2,0.6739391157264385
demanda_no_regulada_lag30,DEMANDA,142,1.2950076999383276e-06,True,0.0286135116349433,1796,1.9078639019121341e-28,3.6521966122317996e-27,True,0.0,0.0009522962509641464,0.6368159203980099,0.470074812967581,0.9077306733167082,1,0,0,1,2,0.6715404688940997
demanda_upme_alto_lag3,DEMANDA,166,0.008727738991629486,True,0.05009519713105437,1823,0.838385197561209,0.8554082472578833,False,0.0,0.00018422905365188534,0.8333333333333334,0.470074812967581,0.7057356608478803,0,1,0,1,2,0.6697146023829316
demanda_por_or_lag7,DEMANDA,159,0.0007705445345100034,True,0.024964284918904234,1819,4.912333117049461e-24,5.06348182834329e-23,True,0.0,0.0016554735890461191,0.5796019900497512,0.470074812967581,0.9551122194513716,1,0,0,1,2,0.668263007489568
volumen_util_pct_lag14,HIDRO,190,0.00033528830431491755,True,0.05115166756770506,1812,0.02260904046440247,0.05164110378801019,True,0.0,0.00016223576148297614,0.8432835820895522,0.470074812967581,0.683291770573566,1,1,0,0,2,0.665550055210233
precio_escasez_lag30,REGULATORIO,174,0.9335855570876107,False,0.04519174717344265,1796,0.7860383244877269,0.8186202239483581,False,0.0,0.0002272739300933413,0.7910447761194029,0.470074812967581,0.7331670822942643,0,1,0,1,2,0.6647622237937494
demanda_no_regulada_lag2,DEMANDA,138,3.5619640538355394e-07,True,0.03328078793512912,1824,3.764103857746904e-23,3.6906579288152573e-22,True,0.0,0.00046140774397195327,0.6741293532338308,0.470074812967581,0.8453865336658354,1,0,0,1,2,0.6631968999557492
demanda_upme_medio_lag2,DEMANDA,166,0.005479086007828877,True,0.04513624545600026,1824,0.5410459565831625,0.6286140882844836,False,0.0,0.0001880431672895533,0.7885572139303483,0.470074812967581,0.7107231920199502,0,1,0,1,2,0.6564517396392932
demanda_upme_alto_lag2,DEMANDA,166,0.008784652907693225,True,0.045446312844568126,1824,0.5187542221678944,0.6115518982741746,False,0.0,0.00018225845751285163,0.7960199004975125,0.470074812967581,0.7007481296758105,0,1,0,1,2,0.655614281046968
disp_real_lag14,OFERTA,169,0.028430690379383863,True,0.0493007830624439,1812,0.028845107313080754,0.0630202888035786,True,0.0,0.00014074659425894476,0.8283582089552238,0.470074812967581,0.6633416458852868,1,1,0,0,2,0.6539248892693639
demanda_por_or_lag14,DEMANDA,157,0.0012184361560050668,True,0.024128223435035956,1812,1.4985974410524298e-24,1.6734338091752134e-23,True,0.0,0.001085064235590183,0.5621890547263682,0.470074812967581,0.9177057356608479,1,0,0,1,2,0.6499898677849324
gen_por_recurso_lag30,EXPOST,141,0.00023096694437338698,True,0.02820167890075531,1796,1.016655754848552e-28,2.0434780672455892e-27,True,0.0,0.00043294225739705096,0.6293532338308457,0.470074812967581,0.8379052369077307,1,0,0,1,2,0.6457777612353858
perdidas_energia_d7,EXPOST,73,7.386398607717108e-22,True,0.03816626558487446,1818,0.53047395280142,0.6199143285644501,False,0.0,0.0002490923344347307,0.7189054726368159,0.470074812967581,0.743142144638404,0,1,0,1,2,0.6440408100809337
disp_declarada_lag14,OFERTA,169,0.07487183815406565,False,0.05449885032287227,1812,0.0010981967761682363,0.0031310291065222056,True,0.0,4.5465394291732686e-05,0.8830845771144279,0.470074812967581,0.571072319201995,1,1,0,0,2,0.6414105697613346
consumo_combustible_lag2,EXPOST,195,0.20861935384309876,False,0.05615536206870253,1824,4.508603873139616e-20,3.4854976096194724e-19,True,0.0,3.244781081891412e-05,0.8955223880597015,0.470074812967581,0.5511221945137157,1,1,0,0,2,0.6389064651803328
gen_fuera_merito_lag30,EXPOST,118,2.5394088523053343e-05,True,0.017738881628994285,1796,0.00110978171252749,0.0031417763974369785,True,0.0,0.001165961641901736,0.47761194029850745,0.470074812967581,0.9251870324189526,1,0,0,1,2,0.6242912618950137
precio_cont_no_regu_lag1,CONTRATOS,172,0.7935607583724824,False,0.07765283533753475,1825,8.189407063178861e-25,9.406118969708291e-24,True,0.0,0.0,0.9651741293532339,0.470074812967581,0.428927680798005,1,1,0,0,2,0.6213922077062732
gen_programada_lag2,OFERTA,140,0.0021940122848535613,True,0.0031148743615982966,1823,4.788199049518727e-23,4.476409343968671e-22,True,0.0012791134933566551,0.00010497063344714342,0.25870646766169153,0.9576059850374065,0.6384039900249376,1,0,1,0,2,0.6182388142413452
capacidad_por_embalse_lag3,HIDRO,130,0.19793902794206658,False,0.07004409585902005,1823,0.045169889960069105,0.09124771740677276,True,0.0,0.0,0.9502487562189055,0.470074812967581,0.428927680798005,1,1,0,0,2,0.6164170833281638
precio_prom_contrato_lag1,CONTRATOS,172,0.8205099583242691,False,0.06660143482029479,1825,5.942325633885944e-19,4.4237313052262025e-18,True,0.0,0.0,0.9378109452736318,0.470074812967581,0.428927680798005,1,1,0,0,2,0.6122711463464059
volumen_por_embalse_lag1,HIDRO,190,0.0004898801906819735,True,0.028373966539236406,1825,1.970556832376304e-06,7.473243835993153e-06,True,0.0,0.00021079695048722424,0.6343283582089553,0.470074812967581,0.7281795511221946,1,0,0,1,2,0.6108609074329103
demanda_por_or_d7,DEMANDA,31,1.2325686566133271e-19,True,0.019624520493212394,1818,0.026551154463409197,0.0589699673717707,True,0.0,0.0004409136398343283,0.5199004975124378,0.470074812967581,0.8403990024937655,1,0,0,1,2,0.6101247709912615
disp_declarada_lag0,OFERTA,171,0.06919230989208494,False,0.013997776261407857,1825,9.451329878529817e-07,3.7994346111689863e-06,True,0.0,0.00114946218606905,0.4253731343283582,0.470074812967581,0.9226932668329177,1,0,0,1,2,0.6060470713762857
consumo_combustible_lag3,EXPOST,195,0.21784988309569703,False,0.018386381176147104,1823,5.844663840227469e-16,4.1220260767920044e-15,True,0.0,0.0004972955324653028,0.49502487562189057,0.470074812967581,0.8528678304239401,1,0,0,1,2,0.6059891730044705
gen_fuera_merito_lag3,EXPOST,122,2.2957418699313614e-05,True,0.017284313354895886,1823,0.000566398942061298,0.0016742086375635425,True,0.0,0.0006696620519318852,0.472636815920398,0.470074812967581,0.8728179551122195,1,0,0,1,2,0.6051765280000662
disp_comercial_lag3,OFERTA,171,0.09709221790882716,False,0.0222621745732976,1823,1.2261493308368879e-08,6.239392797423151e-08,True,0.0,0.00031845145426949716,0.5497512437810945,0.470074812967581,0.7930174563591023,1,0,0,1,2,0.604281171035926
disp_declarada_lag3,OFERTA,171,0.06757565756806778,False,0.024816454107660313,1823,1.1051391719379517e-06,4.398672743753035e-06,True,0.0,0.00028026408450295694,0.5746268656716418,0.470074812967581,0.7605985037406484,1,0,0,1,2,0.6017667274599571
precio_prom_contrato_lag30,CONTRATOS,172,0.8262083906166977,False,0.09367414575630928,1796,0.0006068129543563084,0.0017676725192118548,True,0.0,-2.9318757955865137e-07,0.9900497512437811,0.470074812967581,0.33915211970074816,1,1,0,0,2,0.5997588946373701
capacidad_por_embalse_lag7,HIDRO,130,0.1987277389620427,False,0.07489564881098687,1819,0.0102659951287268,0.024276059069106903,True,0.0,-2.2204460492503132e-17,0.9601990049751243,0.470074812967581,0.36658354114713215,1,1,0,0,2,0.5989524530299458
demanda_no_regulada_lag7,DEMANDA,160,8.340192621307553e-07,True,0.00853080299533282,1819,1.6720905019200256e-25,2.1005636930370324e-24,True,0.0,0.003633837089422343,0.34577114427860695,0.470074812967581,0.9800498753117207,1,0,0,1,2,0.5986319441859695
aportes_pct_rio_lag7,HIDRO,112,3.9246300488564335e-14,True,0.015844145030373014,1819,2.0459127269741975e-05,7.343365323603815e-05,True,0.0,0.0006212296706048836,0.44527363184079605,0.470074812967581,0.8703241895261845,1,0,0,1,2,0.5952242114448539
gen_seguridad_d7,EXPOST,215,5.217430599657051e-21,True,0.02054739999936306,1818,0.02366555893764751,0.053148350239856416,True,0.0,0.0002922394393435446,0.5373134328358209,0.470074812967581,0.7755610972568578,1,0,0,1,2,0.5943164476867532
disp_comercial_lag1,OFERTA,171,0.08776370548702511,False,0.02496584511619826,1825,1.1554573397971588e-09,6.451303480534137e-09,True,0.0,0.00019223920411960417,0.582089552238806,0.470074812967581,0.7182044887780549,1,0,0,1,2,0.5901229513281473
aportes_pct_rio_d7,HIDRO,42,7.884024898017078e-22,True,0.012938638387484325,1818,6.526704054633508e-10,3.748192899946672e-09,True,0.0,0.0008082460554690752,0.4054726368159204,0.470074812967581,0.8902743142144638,1,0,0,1,2,0.5886072546659884
margen_reserva_lag30,OFERTA,135,1.1602030580377823e-05,True,0.009746779398922989,1795,1.3521814729602726e-43,6.039743912555884e-42,True,0.0,0.0012134650941091562,0.36069651741293535,0.470074812967581,0.9326683291770573,1,0,0,1,2,0.5878132198525247
aportes_por_rio_lag1,HIDRO,104,0.002242520952308734,True,0.016483203088673903,1825,3.435472304922586e-11,2.092514949361939e-10,True,0.0,0.0004301788589245903,0.4552238805970149,0.470074812967581,0.8354114713216958,1,0,0,1,2,0.5869033882954305
capacidad_efectiva_lag30,OFERTA,172,0.6458194853309609,False,0.059133376857571474,1796,0.02786124633063453,0.061203393578770936,True,0.0,-2.2204460492503132e-17,0.9154228855721394,0.470074812967581,0.36658354114713215,1,1,0,0,2,0.5840270798956174
precio_cont_no_regu_lag2,CONTRATOS,172,0.7824596374974234,False,0.05168897243386983,1824,2.886167687056841e-16,2.071856089637232e-15,True,0.0,0.0,0.8507462686567164,0.470074812967581,0.428927680798005,1,1,0,0,2,0.5832495874741008
precip_cuencas_d7,CLIMA,45,1.0248720146526306e-22,True,0.019989307063026374,1818,8.213725841733373e-08,3.6284810861283693e-07,True,0.0,0.0002661090681578826,0.5248756218905473,0.470074812967581,0.7506234413965087,1,0,0,1,2,0.5818579587515457
compras_contrato_lag7,CONTRATOS,144,0.30454542305193233,False,0.026145757357937782,1819,1.2852577388022104e-25,1.66668906773706e-24,True,0.0012710424200279324,-9.683929558269577e-05,0.599502487562189,0.9551122194513716,0.18952618453865336,1,0,1,0,2,0.5813802971840712
log_precio_lag30,AR,228,5.3285977269038585e-15,True,0.006883202209245987,1795,5.366739842174312e-10,3.12670929935373e-09,True,0.0,0.0017295213190390735,0.31343283582089554,0.470074812967581,0.9576059850374065,1,0,0,1,2,0.5803712112752943
volumen_por_embalse_d7,HIDRO,103,0.00022692021654582508,True,0.019577448388769625,1818,9.745302585905916e-10,5.51776287258335e-09,True,0.0,0.00026442319875391584,0.5174129353233831,0.470074812967581,0.7481296758104738,1,0,0,1,2,0.578539141367146
dem_no_atendida_noprog_lag14,EXPOST,30,0.0,True,0.008080138089249012,1462,0.023114552518819848,0.052202528722278534,True,0.0,0.0012002449225051004,0.3308457711442786,0.470074812967581,0.9301745635910225,1,0,0,1,2,0.5770317159009607
aportes_pct_rio_lag2,HIDRO,114,3.7869881293798897e-14,True,0.005583088059143648,1824,0.00036199496186838396,0.00109415018549692,True,0.0,0.0016123664038629193,0.2960199004975124,0.470074812967581,0.9526184538653366,1,0,0,1,2,0.5729043891101434
precio_prom_contrato_lag2,CONTRATOS,172,0.8202026669360791,False,0.04838458596383299,1824,4.2851863725705715e-15,2.9700774513333957e-14,True,0.0,0.0,0.818407960199005,0.470074812967581,0.428927680798005,1,1,0,0,2,0.5724701513215303
viento_guajira_100m_lag2,CLIMA,53,1.0009405098859114e-14,True,0.0113298841072762,1824,0.04936051611143139,0.09816271388893366,True,0.0,0.0005980121116220816,0.3781094527363184,0.470074812967581,0.8678304239401496,1,0,0,1,2,0.5720048965480163
precio_prom_contrato_lag14,CONTRATOS,172,0.8309656333756916,False,0.05488018475836309,1812,0.0021343583615172127,0.005836816743740949,True,0.0,-1.2888697684232398e-06,0.8855721393034826,0.470074812967581,0.32917705735660846,1,1,0,0,2,0.561608003209224
gen_programada_lag30,OFERTA,143,0.00652521494585767,True,0.03198900590638676,1795,3.470301037705815e-27,5.58024406863095e-26,True,0.0026111211992051373,-0.0005755273899940905,0.6616915422885572,0.970074812967581,0.04738154613466334,1,0,1,0,2,0.5597159671302672
precio_cont_no_regu_lag7,CONTRATOS,172,0.8189989822309145,False,0.044283968472122126,1819,0.03697773421047763,0.07762908252940318,True,0.0,0.0,0.7736318407960199,0.470074812967581,0.428927680798005,1,1,0,0,2,0.5575447781872019
disp_comercial_lag2,OFERTA,171,0.09428599758092315,False,0.016560830972956353,1824,2.952192547382677e-09,1.6257279507504605e-08,True,0.0,0.00023419535743933738,0.4601990049751244,0.470074812967581,0.7406483790523691,1,0,0,1,2,0.5569740656650248
aportes_pct_sistema_lag3,HIDRO,115,2.5608570149414296e-07,True,0.00710223999338222,1823,3.864847203010362e-05,0.00013166682844153947,True,0.0,0.0006778614568054064,0.31592039800995025,0.470074812967581,0.8778054862842892,1,0,0,1,2,0.5546002324206069
gen_fuera_merito_lag7,EXPOST,123,2.251473541422891e-05,True,0.0088460209441239,1819,0.008623945683446195,0.020759438112247727,True,0.0,0.0003775697074251183,0.35323383084577115,0.470074812967581,0.8154613466334164,1,0,0,1,2,0.5462566634822562
gen_seguridad_lag14,EXPOST,129,2.5706368206078293e-09,True,0.004868604868106807,1812,0.0024261345127164903,0.006545678349745162,True,0.0,0.0005122338876636934,0.2835820895522388,0.470074812967581,0.8553615960099751,1,0,0,1,2,0.5363394995099316
restricciones_sin_aliv_d7,EXPOST,213,5.456855097064504e-18,True,0.008730598532082468,1818,0.00017941455975603213,0.0005679106537159443,True,0.0,0.0003092296876666567,0.35074626865671643,0.470074812967581,0.7830423940149626,1,0,0,1,2,0.53462115854642
radiacion_cesar_lag3,CLIMA,61,4.327989868774954e-06,True,0.0004353419233478206,1823,0.02749865964698925,0.06073879768181142,True,0.0,0.0006730381652422901,0.23383084577114427,0.470074812967581,0.8753117206982544,1,0,0,1,2,0.5264057931456599
disp_real_d7,OFERTA,216,4.2895654349786136e-17,True,0.005323099962132538,1818,5.196586729986156e-08,2.429102169133064e-07,True,0.0,0.0004013070499689575,0.291044776119403,0.470074812967581,0.8179551122194514,1,0,0,1,2,0.5263582337688119
volumen_util_pct_emb_lag14,HIDRO,190,0.0003334668052848205,True,0.05063488880139211,1812,0.024460823430144833,0.05462917232732346,True,0.0,-3.4750238463931995e-05,0.8383084577114428,0.470074812967581,0.26433915211970077,1,1,0,0,2,0.5242408075995748
precio_prom_contrato_lag7,CONTRATOS,172,0.8207298709140618,False,0.04597771020829189,1819,5.746345534125395e-06,2.1192944079985405e-05,True,0.0,-1.1262649334176089e-05,0.7985074626865671,0.470074812967581,0.29925187032418954,1,1,0,0,2,0.5226113819927792
log_precio_lag2,AR,225,2.8595616740041116e-15,True,0.004702129166862967,1823,6.525069887802458e-147,1.3115390474482942e-144,True,0.0,0.0003691041115576055,0.2810945273631841,0.470074812967581,0.8129675810473815,1,0,0,1,2,0.5213789737927156
restricciones_sin_aliv_lag7,EXPOST,201,0.02497924603515074,True,0.008266752688753876,1819,0.008436809299840238,0.020431309268287803,True,0.0,0.0002727320678756362,0.3358208955223881,0.470074812967581,0.7581047381546134,1,0,0,1,2,0.5213334822148609
precip_cuencas_acum30_lag2,CLIMA,101,4.7033152647261205e-06,True,0.01086515974144131,1805,0.009734582906833206,0.023293466241350886,True,0.0,0.00018757271771204786,0.3756218905472637,0.470074812967581,0.7082294264339152,1,0,0,1,2,0.5179753766495866
temp_caribe_max_lag2,CLIMA,58,2.713411138681608e-07,True,0.0,1824,0.00025393491616735323,0.0007733472446914848,True,0.0,0.0018030732682537188,0.11194029850746269,0.470074812967581,0.9600997506234414,1,0,0,1,2,0.5140382873661618
demanda_regulada_d7,DEMANDA,31,1.827269518488338e-21,True,0.0,1818,0.039447970949726185,0.08132350934251244,True,0.0,0.001175779520054332,0.11194029850746269,0.470074812967581,0.9276807980049875,1,0,0,1,2,0.5032319698266771
evap_cuencas_lag7,CLIMA,89,4.110251094227547e-05,True,0.0021657664014851363,1819,0.000614553597948118,0.0017773420602528306,True,0.0,0.00031403655416177844,0.2512437810945274,0.470074812967581,0.7880299251870324,1,0,0,1,2,0.5031161730830469
demanda_upme_alto_lag14,DEMANDA,165,0.008104007396779874,True,0.08257867270752284,1812,0.03700963513359749,0.07762908252940318,True,0.0,-0.000493191402481874,0.9751243781094527,0.470074812967581,0.05486284289276808,1,1,0,0,2,0.500020677989934
temp_caribe_max_d7,CLIMA,37,3.738960438840107e-20,True,0.0,1818,7.952609431232677e-09,4.151881806955242e-08,True,0.0,0.0009937530194737865,0.11194029850746269,0.470074812967581,0.912718204488778,1,0,0,1,2,0.49824443865460727
demanda_por_or_lag2,DEMANDA,137,0.0004919894932095677,True,0.0,1824,1.782790928597401e-22,1.592626562880345e-21,True,0.0,0.0009880431596727356,0.11194029850746269,0.470074812967581,0.9102244389027432,1,0,0,1,2,0.49741318345926233
gen_programada_lag3,OFERTA,134,0.002199191361342934,True,0.0,1822,9.524520621331377e-42,2.945274838288626e-40,True,0.0,0.0008863739015117389,0.11194029850746269,0.470074812967581,0.9027431421446384,1,0,0,1,2,0.4949194178732273
aportes_pct_sistema_lag7,HIDRO,112,2.521039696507462e-07,True,0.0,1819,4.2950132127436694e-07,1.7799951665185103e-06,True,0.0,0.0008786429193974654,0.11194029850746269,0.470074812967581,0.9002493765586035,1,0,0,1,2,0.49408816267788236
disp_real_lag30,OFERTA,168,0.022262725361718947,True,0.005010133715673604,1796,0.00025311397902160534,0.0007733472446914848,True,0.0,0.00020184951961894627,0.2860696517412935,0.470074812967581,0.7231920199501247,1,0,0,1,2,0.4931121615529997
precip_cuencas_acum30_lag3,CLIMA,101,4.755754968552629e-06,True,0.0015460991280216163,1804,0.0383989157869367,0.07956888735231213,True,0.0,0.0002809566271885222,0.24129353233830847,0.470074812967581,0.7655860349127181,1,0,0,1,2,0.49231812673953584
demanda_no_regulada_d7,DEMANDA,33,2.6938887974867574e-19,True,0.0,1818,0.018183256054199157,0.042252421582589954,True,0.0,0.0007277725796761891,0.11194029850746269,0.470074812967581,0.885286783042394,1,0,0,1,2,0.4891006315058126
disp_real_lag1,OFERTA,171,0.024321223459953537,True,0.0388023842414853,1825,1.2064810871775764e-07,5.15963188346155e-07,True,0.0,-7.337910958092886e-05,0.7288557213930348,0.470074812967581,0.22942643391521197,1,1,0,0,2,0.4761189894252759
demanda_regulada_lag1,DEMANDA,151,0.012602404062382456,True,0.046140050932633514,1825,6.827795609779659e-22,5.839944330066857e-21,True,0.0,-0.0001884158501973543,0.8009950248756219,0.470074812967581,0.12718204488778054,1,1,0,0,2,0.46608396091032783
margen_reserva_lag14,OFERTA,150,1.4592577396374052e-05,True,0.008148346857764999,1811,5.0134731705003e-25,6.10732186224582e-24,True,0.006664195476455774,-0.0003470126402919105,0.3333333333333333,0.9875311720698254,0.0773067331670823,1,0,1,0,2,0.46605707952341363
restricciones_lag2,EXPOST,203,0.09994391406396519,False,0.0,1824,9.699924999593854e-09,4.999192115175294e-08,True,0.0,0.00033272397586990853,0.11194029850746269,0.470074812967581,0.8054862842892768,1,0,0,1,2,0.4625004652547735
disp_comercial_lag14,OFERTA,169,0.09852270525941009,False,0.0,1812,0.0012937681092961956,0.0035868605512901423,True,0.0,0.00030296914657026444,0.11194029850746269,0.470074812967581,0.7805486284289277,1,0,0,1,2,0.4541879133013238
restricciones_lag3,EXPOST,202,0.10523788228704978,False,0.0,1823,5.380957881267662e-09,2.8841934243594668e-08,True,0.0,0.0002340237315440308,0.11194029850746269,0.470074812967581,0.7356608478802993,1,0,0,1,2,0.43922531978511437
log_precio_lag7,AR,211,3.5103019025391972e-15,True,0.0,1818,2.208264831159678e-55,1.7754449242523813e-53,True,0.0017396735549418249,-7.567707224673815e-05,0.11194029850746269,0.9600997506234414,0.22194513715710723,1,0,1,0,2,0.43132839542933715
aportes_pct_rio_lag1,HIDRO,113,3.523318716132646e-14,True,0.03665418704378709,1825,7.90777885888291e-08,3.5321412236343663e-07,True,0.0,-0.0002896490132322738,0.7089552238805971,0.470074812967581,0.09476309226932668,1,1,0,0,2,0.42459770970583494
log_precio_sd30,AR,117,2.9305425351071865e-06,True,0.03703578122847517,1810,0.0005872627694694741,0.0017232090023848801,True,0.0,-0.0007762663792912239,0.7139303482587065,0.470074812967581,0.0199501246882793,1,1,0,0,2,0.40131842863818895
log_precio_lag14,AR,212,4.136503804267565e-15,True,0.0,1811,6.61318296973769e-08,3.021022220266536e-07,True,0.0021512478781746587,-0.0002885418291997177,0.11194029850746269,0.9650872817955112,0.09725685785536159,1,0,1,0,2,0.3914281460527785
aportes_media_hist_lag14,HIDRO,109,0.03186599698850202,True,0.094436587907067,1812,0.5476608680456645,0.6326427268803366,False,0.0,0.00017391138538996875,0.9950248756218906,0.470074812967581,0.6907730673316709,0,1,0,0,1,0.7186242519737142
demanda_upme_bajo_lag30,DEMANDA,167,0.0025224204148671047,True,0.05861781973676594,1796,0.1916722645083407,0.29297433586446,False,0.0,0.00017778410820229462,0.9104477611940298,0.470074812967581,0.6932668329177057,0,1,0,0,1,0.6912631356931055
aportes_media_hist_lag1,HIDRO,108,0.031340528181896816,True,0.052173259844121134,1825,0.6242512970354512,0.6990223437555749,False,0.0,0.00014868751049331718,0.8606965174129353,0.470074812967581,0.6708229426433915,0,1,0,0,1,0.6671980910079692
soi_lag3,CLIMA,204,0.0008949939065830494,True,0.054453655535100065,1823,0.4566893339399639,0.5513186553869835,False,0.0,0.00010854334026785261,0.8805970149253731,0.470074812967581,0.6433915211970075,0,1,0,0,1,0.6646877830299872
soi_lag1,CLIMA,204,0.0008920316661928736,True,0.054184904712051285,1825,0.688169556514705,0.739690271975699,False,0.0,9.667487600537595e-05,0.8781094527363185,0.470074812967581,0.6334164588528678,0,1,0,0,1,0.6605335748522557
demanda_upme_alto_lag7,DEMANDA,166,0.008500396545700664,True,0.059569578866969675,1819,0.6314030050690851,0.7050666889938116,False,0.0,4.926263232741812e-05,0.9203980099502488,0.470074812967581,0.57356608478803,0,1,0,0,1,0.6546796359019532
oni_lag30,HIDRO,206,0.7633917857495487,False,0.0612540867728435,1796,0.40589753214483,0.5040740134587024,False,0.0,2.214997949256947e-05,0.9228855721393034,0.470074812967581,0.5361596009975063,0,1,0,0,1,0.6430399953681303
oni_lag7,HIDRO,206,0.7611642059245851,False,0.06895927577056504,1819,0.7809164893895781,0.8153985161937932,False,0.0,1.262235075708551e-05,0.9477611940298507,0.470074812967581,0.5112219451371571,0,1,0,0,1,0.6430193173781963
cee_lag30,REGULATORIO,162,0.10107070688147451,False,0.05294422352564743,1796,0.2668950170458294,0.3804673647249057,False,0.0,6.74507426052906e-05,0.8656716417910447,0.470074812967581,0.5910224438902744,0,1,0,0,1,0.6422562995496334
aportes_por_rio_lag30,HIDRO,78,0.0022459099995765603,True,0.02930810197112521,1796,0.35738215517033234,0.4664533323976416,False,0.0,0.0003234815316880413,0.6417910447761194,0.470074812967581,0.7980049875311721,0,0,0,1,1,0.6366236150916241
capacidad_por_embalse_lag2,HIDRO,130,0.19774228419958123,False,0.0683855982370174,1824,0.05542557179326241,0.10868819444337312,False,0.0,1.5392759525667542e-06,0.945273631840796,0.470074812967581,0.47880299251870323,0,1,0,0,1,0.6313838124423601
cere_lag30,REGULATORIO,176,0.10657059394863527,False,0.051005350901172086,1796,0.663666738406923,0.7233893241819983,False,0.0,5.4200783442737154e-05,0.8407960199004975,0.470074812967581,0.5810473815461347,0,1,0,0,1,0.6306394048047377
capacidad_efectiva_lag1,OFERTA,172,0.626911300883906,False,0.08943156452793977,1825,0.0813293610108726,0.14793847568493568,False,0.0,0.0,0.9875621890547264,0.470074812967581,0.428927680798005,0,1,0,0,1,0.6288548942734374
capacidad_efectiva_lag14,OFERTA,172,0.6265557099898662,False,0.08795722859040733,1812,0.29847844590153494,0.41518455104642576,False,0.0,0.0,0.9800995024875622,0.470074812967581,0.428927680798005,0,1,0,0,1,0.6263673320843827
mc_lag14,REGULATORIO,172,0.8641217747007341,False,0.08284937663483749,1812,0.3076241175538482,0.42350991526248966,False,0.0,0.0,0.9776119402985075,0.470074812967581,0.428927680798005,0,1,0,0,1,0.6255381446880312
mc_lag30,REGULATORIO,172,0.873608019787921,False,0.08115143176546091,1796,0.40626860786223773,0.5040740134587024,False,0.0,0.0,0.972636815920398,0.470074812967581,0.428927680798005,0,1,0,0,1,0.623879769895328
mc_lag7,REGULATORIO,172,0.8598941518701411,False,0.07071274638697034,1819,0.1177371898010335,0.19557995991741928,False,0.0,0.0,0.9552238805970149,0.470074812967581,0.428927680798005,0,1,0,0,1,0.618075458120867
demanda_upme_medio_lag30,DEMANDA,167,0.00428865709207612,True,0.0432466933687623,1796,0.1866055277910269,0.2874154106206621,False,0.0,9.139917068874403e-05,0.763681592039801,0.470074812967581,0.6184538653366584,0,1,0,0,1,0.6174034234480135
demanda_upme_medio_lag1,DEMANDA,166,0.005522974208155312,True,0.044136263786642704,1825,0.4148533199815152,0.5115675908974513,False,0.0,7.979868194676331e-05,0.7711442786069652,0.470074812967581,0.6034912718204489,0,1,0,0,1,0.6149034544649984
cere_lag2,REGULATORIO,175,0.10180239388781015,False,0.049807983997734784,1824,0.35088046630758113,0.46096061260015564,False,0.0,2.136173275434361e-05,0.8308457711442786,0.470074812967581,0.5336658354114713,0,1,0,0,1,0.611528806507777
capacidad_por_embalse_lag30,HIDRO,130,0.20331525626867764,False,0.06581462513905834,1796,0.6748763588254929,0.7312676448729061,False,0.0,0.0,0.9328358208955224,0.470074812967581,0.428927680798005,0,1,0,0,1,0.6106127715537027
capacidad_efectiva_lag3,OFERTA,172,0.6281890111259745,False,0.094326068317931,1823,0.36244408306487635,0.47000813352283966,False,0.0,-2.2204460492503132e-17,0.9925373134328358,0.470074812967581,0.36658354114713215,0,1,0,0,1,0.6097318891825163
radiacion_cesar_lag14,CLIMA,85,3.930453499299659e-06,True,0.016695778626075075,1812,0.24374442231114893,0.3563100282512068,False,0.0,0.0008522120049508919,0.4626865671641791,0.470074812967581,0.8952618453865336,0,0,0,1,1,0.6093410751727646
mc_lag1,REGULATORIO,172,0.8562342156954621,False,0.062142715010638394,1825,0.6430878541389495,0.7102233993512574,False,0.0,0.0,0.927860696517413,0.470074812967581,0.428927680798005,0,1,0,0,1,0.6089543967609997
demanda_upme_bajo_lag2,DEMANDA,166,0.003387256051355889,True,0.04074672370093069,1824,0.5646083954174694,0.6475883355060973,False,0.0,8.296334220512236e-05,0.7437810945273632,0.470074812967581,0.6084788029925187,0,1,0,0,1,0.6074449034958209
mjo_pc2_lag7,CLIMA,13,4.105859548643519e-21,True,0.018456816679248256,1819,0.419931941619751,0.5162466071288682,False,0.0,0.0004901908453584514,0.5,0.470074812967581,0.8503740648379052,0,0,0,1,1,0.6068162926018288
capacidad_efectiva_lag2,OFERTA,172,0.6275525358713505,False,0.08799413319608629,1824,0.25958259605330447,0.37402223517357847,False,0.0,-2.2204460492503132e-17,0.9825870646766169,0.470074812967581,0.36658354114713215,0,1,0,0,1,0.60641513959711
capacidad_efectiva_lag7,OFERTA,172,0.630745949657274,False,0.080938697185029,1819,0.5744879015027673,0.65423268103148,False,0.0,-2.2204460492503132e-17,0.9701492537313433,0.470074812967581,0.36658354114713215,0,1,0,0,1,0.6022692026153521
aportes_media_hist_lag2,HIDRO,108,0.031380723785825064,True,0.0446059707432207,1824,0.3324142196057343,0.4439552035930405,False,0.0,3.823626637013966e-05,0.7786069651741293,0.470074812967581,0.5561097256857855,0,1,0,0,1,0.6015971679424986
cere_lag7,REGULATORIO,175,0.10263895893264752,False,0.04477944452237992,1819,0.0961636167819494,0.16807727802758116,False,0.0,3.494940991077833e-05,0.7810945273631841,0.470074812967581,0.5536159600997507,0,1,0,0,1,0.6015951001435053
exportaciones_d7,EXPOST,209,1.3079843072288912e-16,True,0.015139329838368631,1611,0.5302292156678903,0.6199143285644501,False,0.0,0.0008362198764070072,0.43781094527363185,0.470074812967581,0.8927680798004988,0,0,0,1,1,0.6002179460139039
demanda_upme_alto_lag30,DEMANDA,167,0.007207808332140093,True,0.049251178799557316,1796,0.18250759620690674,0.2821848218276019,False,0.0,9.938294627720445e-06,0.8258706467661692,0.470074812967581,0.49875311720698257,0,1,0,0,1,0.5982328589802443
trm_lag2,COSTO,164,0.10162891969992854,False,0.03604359101642274,1824,0.0481307688458599,0.0962615376917198,True,0.0,9.186490201178455e-05,0.6990049751243781,0.470074812967581,0.6209476309226932,1,0,0,0,1,0.5966758063382175
gen_por_recurso_d7,EXPOST,32,3.2526300563940733e-20,True,0.01906673102428247,1818,0.07978355016950042,0.1457863053097235,False,0.0,0.00032456001324789876,0.5124378109452736,0.470074812967581,0.8029925187032418,0,0,0,1,1,0.5951683808720322
cee_lag2,REGULATORIO,163,0.09655688975210303,False,0.046375316138029365,1824,0.7325033798655665,0.7749114702788361,False,0.0,1.0684329368482181e-05,0.8084577114427861,0.470074812967581,0.5012468827930174,0,1,0,0,1,0.5932598024011282
capacidad_por_embalse_lag1,HIDRO,130,0.19754571383705705,False,0.06683119816070171,1825,0.07045058069072944,0.13051213565748035,False,0.0,-2.2204460492503132e-17,0.9427860696517413,0.470074812967581,0.36658354114713215,0,1,0,0,1,0.5931481412554848
precip_cuencas_acum30_lag14,CLIMA,102,4.91851339784726e-06,True,0.025559254321906977,1793,0.8927756565692422,0.8972395348520884,False,0.0,0.0001896248449833493,0.5945273631840796,0.470074812967581,0.713216957605985,0,0,0,1,1,0.5926063779192152
mc_lag0,REGULATORIO,172,0.8556210258983685,False,0.066781998381507,1825,0.11254564227890682,0.18930271211765917,False,0.0,-2.2204460492503132e-17,0.9402985074626866,0.470074812967581,0.36658354114713215,0,1,0,0,1,0.5923189538591332
precio_cont_no_regu_lag30,CONTRATOS,172,0.840564894896979,False,0.05351760897672442,1796,0.061229560003006306,0.11556001465356121,False,0.0,0.0,0.8756218905472637,0.470074812967581,0.428927680798005,0,1,0,0,1,0.5915414614376165
capacidad_por_embalse_lag14,HIDRO,130,0.20011468436320518,False,0.07485503340520028,1812,0.3233959484221232,0.4362589639788374,False,0.0,-4.4408920985006264e-17,0.9577114427860697,0.470074812967581,0.34538653366583544,0,1,0,0,1,0.591057596473162
precio_cont_no_regu_lag14,CONTRATOS,172,0.8439284178365521,False,0.06133952410525101,1812,0.13066004103850443,0.21179571168338218,False,0.0,-2.2204460492503132e-17,0.9253731343283582,0.470074812967581,0.36658354114713215,0,1,0,0,1,0.5873438294810238
oni_lag3,HIDRO,206,0.7607768515180451,False,0.04135512767456451,1823,0.822803381921873,0.8459513031524116,False,0.0,2.7771690889966116e-05,0.746268656716418,0.470074812967581,0.543640897755611,0,1,0,0,1,0.5866614558132034
mc_lag2,REGULATORIO,172,0.8568464965592892,False,0.05189656376932783,1824,0.2404197127918173,0.3527325713223013,False,0.0,0.0,0.8557213930348259,0.470074812967581,0.428927680798005,0,1,0,0,1,0.584907962266804
mc_lag3,REGULATORIO,172,0.8574578652028999,False,0.051648943237868394,1823,0.14061652429164007,0.2252105289451765,False,0.0,0.0,0.8482587064676617,0.470074812967581,0.428927680798005,0,1,0,0,1,0.5824204000777492
viento_guajira_100m_lag3,CLIMA,54,1.0460760832169881e-14,True,0.013014713317873294,1823,0.11686563962336559,0.19493770592777165,False,0.0,0.0005911233584328879,0.41044776119402987,0.470074812967581,0.8653366583541147,0,0,0,1,1,0.5819530775052418
cee_lag7,REGULATORIO,163,0.0973494277146899,False,0.08873386800911431,1819,0.22457746991654334,0.33233010488620685,False,0.0,-2.3820957940734466e-05,0.9850746268656716,0.470074812967581,0.286783042394015,0,1,0,0,1,0.5806441607424225
mjo_amplitud_lag3,CLIMA,63,1.0031507374056654e-07,True,0.04054346991672109,1823,0.5242297911353366,0.6161999299310097,False,0.0,1.780003068250213e-05,0.7412935323383084,0.470074812967581,0.5211970074812967,0,1,0,0,1,0.5775217842623954
precip_cuencas_acum30_lag30,CLIMA,111,5.606727326347247e-06,True,0.012627535454600824,1777,0.6709441931139397,0.728971799004875,False,0.0,0.0005493823430445354,0.40049751243781095,0.470074812967581,0.85785536159601,0,0,0,1,1,0.5761425623338007
aportes_media_hist_lag3,HIDRO,108,0.031420957118408116,True,0.038776837597887415,1823,0.1399301470078481,0.22500767638861974,False,0.0,1.9784299265634964e-05,0.7263681592039801,0.470074812967581,0.5286783042394015,0,1,0,0,1,0.5750404254703209
oni_lag14,HIDRO,206,0.7618421126092443,False,0.10290635373388968,1812,0.38263609766817636,0.4885252680224421,False,0.0,-4.672533823945058e-05,1.0,0.470074812967581,0.2518703241895262,0,1,0,0,1,0.5739817123857024
cee_lag0,REGULATORIO,163,0.09624150037866708,False,0.05349359927973829,1825,0.4005699132264253,0.5040740134587024,False,0.0,-2.2204460492503132e-17,0.8731343283582089,0.470074812967581,0.36658354114713215,0,1,0,0,1,0.5699308941576408
cee_lag1,REGULATORIO,163,0.09639907919026508,False,0.05343217126562605,1825,0.1576664644421106,0.25052141780920345,False,0.0,-2.2204460492503132e-17,0.8706467661691543,0.470074812967581,0.36658354114713215,0,1,0,0,1,0.5691017067612891
trm_lag14,COSTO,164,0.12802281161483287,False,0.03297777880185748,1812,0.0026241699810598865,0.0069862008767289695,True,0.0,4.104037581468267e-05,0.6691542288557214,0.470074812967581,0.5610972568578554,1,0,0,0,1,0.5667754328937192
demanda_upme_bajo_lag7,DEMANDA,166,0.003225925367477661,True,0.05695769289424346,1819,0.6513810035610035,0.7174114066617079,False,0.0,-2.160973134734956e-06,0.9029850746268657,0.470074812967581,0.32169576059850374,0,1,0,0,1,0.5649185493976502
soi_lag14,CLIMA,205,0.0009113416933131931,True,0.06614717433127426,1812,0.4671862520382456,0.562000502283126,False,0.0,-1.7739960341811577e-05,0.9353233830845771,0.470074812967581,0.2892768079800499,0,1,0,0,1,0.564891668010736
soi_lag7,CLIMA,204,0.000900927941966958,True,0.055454463485142824,1819,0.9382826846726195,0.9406225417416286,False,0.0,-1.0476869778841546e-06,0.8905472636815921,0.470074812967581,0.3316708229426434,0,1,0,0,1,0.5640976331972721
precip_cuencas_acum30_d7,CLIMA,52,1.0988886035865348e-18,True,0.021582414933758898,1799,0.001281460718423084,0.0035774111722644427,True,0.0,0.00013777577961157083,0.5472636815920398,0.470074812967581,0.6608478802992519,1,0,0,0,1,0.5593954582862909
precio_escasez_lag1,REGULATORIO,174,0.9297070238461183,False,0.0437359008954914,1825,0.10400606541689773,0.1773995594502981,False,0.0,0.0,0.7686567164179104,0.470074812967581,0.428927680798005,0,1,0,0,1,0.5558864033944988
soi_lag30,CLIMA,207,0.0009352688135504532,True,0.07021144164285475,1796,0.4756845115448315,0.5640860579381187,False,0.0,-6.645259034341323e-05,0.9527363184079602,0.470074812967581,0.23940149625935161,0,1,0,0,1,0.5540708758782976
restricciones_sin_aliv_lag2,EXPOST,203,0.023543191747152564,True,0.021073504025623357,1824,1.2750921483117632e-07,5.395653090750829e-07,True,0.0,0.00011688245085429427,0.5422885572139303,0.470074812967581,0.6483790523690773,1,0,0,0,1,0.5535808075168629
cere_lag14,REGULATORIO,175,0.10382095532102253,False,0.08080447874332108,1812,0.4027367077278151,0.5040740134587024,False,0.0,-7.881623801893056e-05,0.9676616915422885,0.470074812967581,0.2169576059850374,0,1,0,0,1,0.5515647034983023
cee_lag14,REGULATORIO,163,0.09846878553140448,False,0.0950375863501427,1812,0.36370162781648246,0.47012236135763974,False,0.0,-0.00011115927093389156,0.9975124378109452,0.470074812967581,0.18204488778054864,0,1,0,0,1,0.5498773795196917
restricciones_sin_aliv_lag1,EXPOST,203,0.025012983163399664,True,0.025075396094308644,1825,2.1358374620253493e-06,8.024361305927014e-06,True,0.0,7.145483604066305e-05,0.5845771144278606,0.470074812967581,0.5935162094763092,1,0,0,0,1,0.5493893789572503
cere_lag0,REGULATORIO,175,0.10146955751867431,False,0.05526109483595709,1825,0.08404063963757442,0.1508229336352898,False,0.0,-2.73303479628062e-05,0.8880597014925373,0.470074812967581,0.2817955112219451,0,1,0,0,1,0.5466433418940211
temp_caribe_max_lag14,CLIMA,86,2.5280989784433207e-07,True,0.006691716389559232,1812,0.6562629462532711,0.720813399983101,False,0.0,0.000559401160014239,0.30845771144278605,0.470074812967581,0.8603491271820449,0,0,0,1,1,0.5462938838641374
precio_escasez_lag14,REGULATORIO,174,0.9314418488317923,False,0.03921549710856498,1812,0.2467398037938756,0.35938188813455796,False,0.0,0.0,0.7313432835820896,0.470074812967581,0.428927680798005,0,1,0,0,1,0.5434485924492252
precio_escasez_lag0,REGULATORIO,174,0.9295738163381778,False,0.04911560916232016,1825,0.19678453999200057,0.29851843425201596,False,0.0,-1.570529270644716e-06,0.8233830845771144,0.470074812967581,0.32418952618453867,0,1,0,0,1,0.5392158079097448
temp_andina_med_lag30,CLIMA,79,2.6699512577644047e-07,True,0.013616344587317641,1796,0.11895159666195616,0.19597763056600975,False,0.0,0.00020404634063556638,0.417910447761194,0.470074812967581,0.7256857855361596,0,0,0,1,1,0.5378903487549782
dem_no_atendida_noprog_lag3,EXPOST,2,0.0,True,0.013803837372393435,1471,0.46833375190260507,0.562000502283126,False,0.0,0.00020058197555966606,0.4228855721393035,0.470074812967581,0.7206982543640897,0,0,0,1,1,0.5378862131569915
trm_lag3,COSTO,164,0.10274607466430413,False,0.056383443071879924,1823,0.05692888651397806,0.11109423484766592,False,0.0,-6.762417896860606e-05,0.8980099502487562,0.470074812967581,0.23690773067331672,0,1,0,0,1,0.534997497963218
precip_cuencas_acum30_lag1,CLIMA,101,4.491986737745598e-06,True,0.015615815289820922,1806,0.0003723195529343905,0.0011169586588031717,True,0.0,0.00016500175262615935,0.4427860696517413,0.470074812967581,0.6882793017456359,1,0,0,0,1,0.5337133947883194
precio_cont_no_regu_lag3,CONTRATOS,172,0.7874697493050349,False,0.03579275699128459,1823,7.956868272572338e-17,5.815747355589237e-16,True,0.0,0.0,0.6940298507462687,0.470074812967581,0.428927680798005,1,0,0,0,1,0.5310107815039515
precio_escasez_lag2,REGULATORIO,174,0.9298402647909765,False,0.04296442564046199,1824,0.10414501500067251,0.1773995594502981,False,0.0,-2.2204460492503132e-17,0.7562189054726368,0.470074812967581,0.36658354114713215,0,1,0,0,1,0.5309590865291166
gen_seguridad_lag1,EXPOST,127,1.9290676494458758e-09,True,0.024858059156132484,1825,0.023023948404428694,0.052202528722278534,True,0.0,2.051749078951781e-05,0.5771144278606966,0.470074812967581,0.5311720698254364,1,0,0,0,1,0.5261204368845713
restricciones_lag7,EXPOST,201,0.10023550006043902,False,0.02056937092675959,1819,0.0011701342632196982,0.003289468348351879,True,0.0,4.156012515756924e-05,0.5398009950248757,0.470074812967581,0.5635910224438903,1,0,0,0,1,0.5244889434787823
precio_escasez_lag3,REGULATORIO,174,0.9299735394009343,False,0.039546591946169496,1823,0.27417118569640286,0.3867256724559788,False,0.0,-2.2204460492503132e-17,0.736318407960199,0.470074812967581,0.36658354114713215,0,1,0,0,1,0.524325587358304
soi_lag2,CLIMA,204,0.0008935123811049969,True,0.056518235959972074,1824,0.5654316063747267,0.6475883355060973,False,0.0,-8.645828607153349e-05,0.900497512437811,0.470074812967581,0.19950124688279303,0,1,0,0,1,0.523357857429395
cee_lag3,REGULATORIO,163,0.09671493231852535,False,0.045288464537819983,1823,0.27040123155113305,0.38410351619630917,False,0.0,-1.0423434257766927e-05,0.7935323383084577,0.470074812967581,0.30174563591022446,0,1,0,0,1,0.5217842623954211
demanda_upme_bajo_lag3,DEMANDA,166,0.0033547711539330003,True,0.04631468959488405,1823,0.8379155167557928,0.8554082472578833,False,0.0,-1.3085338430385285e-05,0.8034825870646766,0.470074812967581,0.29177057356608477,0,1,0,0,1,0.5217759911994474
gen_programada_d7,OFERTA,36,5.782973991808596e-19,True,0.0,1816,0.16496067114847443,0.2600556462811244,False,0.0,0.002509716794657535,0.11194029850746269,0.470074812967581,0.972568578553616,0,0,0,1,1,0.5181945633428865
importaciones_d7,EXPOST,210,1.0479994037872798e-15,True,0.0,1651,0.3307257615451581,0.44336302917160936,False,0.0,0.0019768479615208225,0.11194029850746269,0.470074812967581,0.9625935162094763,0,0,0,1,1,0.5148695425615067
demanda_regulada_lag2,DEMANDA,137,0.020671286281665754,True,0.014609019733490491,1824,2.918149541955523e-20,2.3461922317322408e-19,True,0.0,0.00010641521669948472,0.43283582089552236,0.470074812967581,0.6408977556109726,1,0,0,0,1,0.5146027964913586
perdidas_energia_lag1,EXPOST,68,2.0663215600282946e-13,True,0.003882402377638705,1825,0.12972550613003503,0.21113220026021895,False,0.0,0.0002841852811144352,0.26865671641791045,0.470074812967581,0.770573566084788,0,0,0,1,1,0.5031016984900932
compras_contrato_lag30,CONTRATOS,147,0.3895503484854387,False,0.018396326123570894,1796,2.7642596191897894e-43,1.1112323669142953e-41,True,0.0,2.5884261429409694e-05,0.4975124378109453,0.470074812967581,0.5411471321695761,1,0,0,0,1,0.5029114609827009
oni_lag2,HIDRO,206,0.760680015298187,False,0.03858713904036026,1824,0.0838549910167258,0.1508229336352898,False,0.0,-6.020569520859276e-06,0.7238805970149254,0.470074812967581,0.314214463840399,0,1,0,0,1,0.5027232912743018
compras_contrato_lag2,CONTRATOS,146,0.25228194406021676,False,0.008469016474569102,1824,1.0389028849872788e-42,3.7967178160444186e-41,True,0.0,0.00015603841835085675,0.3407960199004975,0.470074812967581,0.6783042394014963,1,0,0,0,1,0.4963916907565249
volumen_por_embalse_lag7,HIDRO,190,0.0004907967711194409,True,0.013748192853355157,1819,6.078420055646523e-07,2.493392716703982e-06,True,0.0,7.248271142802354e-05,0.42039800995024873,0.470074812967581,0.5985037406483791,1,0,0,0,1,0.4963255211887363
precio_prom_contrato_lag3,CONTRATOS,172,0.8212031387844507,False,0.03076535625443455,1823,1.9019384505071364e-14,1.2958970459387608e-13,True,0.0,-2.2204460492503132e-17,0.6517412935323383,0.470074812967581,0.36658354114713215,1,0,0,0,1,0.49613321588235054
cere_lag1,REGULATORIO,175,0.10163584821418226,False,0.04508393535789379,1825,0.38124797974150093,0.4885252680224421,False,0.0,-6.964771953433812e-05,0.7835820895522388,0.470074812967581,0.2344139650872818,0,1,0,0,1,0.4960236225357006
disp_declarada_lag7,OFERTA,170,0.06616417727461625,False,0.012555500894473326,1819,1.3208112204250083e-06,5.205550104027973e-06,True,0.0,8.443199020337077e-05,0.39552238805970147,0.470074812967581,0.6109725685785536,1,0,0,0,1,0.4921899232019454
precio_cont_no_regu_d7,CONTRATOS,221,3.657107070863837e-14,True,0.014812076397290319,1818,8.20061208916279e-20,6.220086905364983e-19,True,0.0,4.423356716327653e-05,0.43532338308457713,0.470074812967581,0.5660847880299252,1,0,0,0,1,0.4904943280273611
dem_no_atendida_noprog_lag1,EXPOST,3,0.0,True,0.00014882204973920565,1473,0.7013904144113234,0.7499055764024308,False,0.0,0.00029115225478448803,0.2263681592039801,0.470074812967581,0.773067331670823,0,0,0,1,1,0.4898367679474614
volumen_util_pct_emb_lag2,HIDRO,190,0.000318281200952168,True,0.011485118268677041,1824,0.00018128155971874088,0.0005693373984916706,True,0.0,8.06836595420246e-05,0.3880597014925373,0.470074812967581,0.6059850374064838,1,0,0,0,1,0.48803985062220073
volumen_util_pct_emb_lag1,HIDRO,190,0.000325847399351977,True,0.012576252119099962,1825,4.474655038560337e-08,2.1414420541681614e-07,True,0.0,7.237529029164857e-05,0.39800995024875624,0.470074812967581,0.5960099750623441,1,0,0,0,1,0.48803157942622716
trm_d7,COSTO,20,1.4505580425354835e-10,True,0.0,1818,0.6402943462336814,0.7096607877080784,False,0.0,0.0007095580256188727,0.11194029850746269,0.470074812967581,0.8802992518703242,0,0,0,1,1,0.48743812111512264
temp_andina_med_lag1,CLIMA,193,1.8452631804858275e-07,True,0.010632097803319418,1825,0.0029515974822919952,0.0077456968125358405,True,0.0,9.042799507225086e-05,0.3706467661691542,0.470074812967581,0.6159600997506235,1,0,0,0,1,0.48556055962911965
volumen_util_pct_lag3,HIDRO,190,0.0003254279166693063,True,0.03109877639456915,1823,0.001991611891043705,0.005483753289038146,True,0.0,-1.3771482741398167e-06,0.6567164179104478,0.470074812967581,0.3266832917705736,1,0,0,0,1,0.48449150754953413
importaciones_lag30,EXPOST,188,0.005884418821688145,True,0.04353031522257522,1693,0.07353747210947913,0.1356057971927092,False,0.0,-8.16396649122586e-05,0.7661691542288557,0.470074812967581,0.2119700748129676,0,1,0,0,1,0.48273801400313476
volumen_util_pct_lag2,HIDRO,190,0.00032060689062722716,True,0.011630677993157867,1824,0.00016037949047180674,0.0005157804413573305,True,0.0,6.140715760643012e-05,0.39054726368159204,0.470074812967581,0.5860349127182045,1,0,0,0,1,0.4822189964557925
dem_no_atendida_noprog_lag7,EXPOST,230,0.0,True,0.0,1468,0.6640066184655656,0.7233893241819983,False,0.0,0.000579592762004133,0.11194029850746269,0.470074812967581,0.8628428927680798,0,0,0,1,1,0.48161933474770785
gen_fuera_merito_lag2,EXPOST,121,2.2579048567869736e-05,True,0.03271679954777351,1824,0.018588405094774732,0.0429456255637899,True,0.0,-9.101875253658687e-06,0.6666666666666666,0.470074812967581,0.30673316708229426,1,0,0,0,1,0.4811582155721806
precio_cargo_conf_lag2,REGULATORIO,164,0.15614064177649106,False,0.0451274368838126,1824,0.05839519363649139,0.11315157234559257,False,0.0,-0.00010703419754544141,0.7860696517412935,0.470074812967581,0.18453865336658354,0,1,0,0,1,0.4802277060251527
precio_cargo_conf_lag3,REGULATORIO,164,0.15692757673263558,False,0.044532116162518065,1823,0.06161900049416352,0.11575158036754082,False,0.0,-0.00010184220238391717,0.7761194029850746,0.470074812967581,0.18703241895261846,0,1,0,0,1,0.4777422116350914
temp_caribe_max_lag7,CLIMA,90,3.5354441900766715e-07,True,0.005388398423475493,1819,0.002497695293718617,0.006693823387165893,True,0.0,0.00011775498056036948,0.2935323383084577,0.470074812967581,0.6533665835411472,1,0,0,0,1,0.47232457827239527
margen_reserva_d7,OFERTA,34,3.411771838059365e-21,True,0.0,1817,0.38401488730122313,0.4885252680224421,False,0.0,0.0004128270405311385,0.11194029850746269,0.470074812967581,0.830423940149626,0,0,0,1,1,0.4708130172082232
volumen_util_pct_lag1,HIDRO,190,0.0003285154275391874,True,0.01588258625968919,1825,2.8960724305535404e-08,1.4197818501006382e-07,True,0.0,3.711527442507023e-06,0.4502487562189055,0.470074812967581,0.4837905236907731,1,0,0,0,1,0.4680380309590865
disp_declarada_lag30,OFERTA,168,0.06153357173265307,False,0.0021647590430129426,1796,0.0010568474300458159,0.003034661906274414,True,0.0,0.00015503863759875892,0.24875621890547264,0.470074812967581,0.6758104738154613,1,0,0,0,1,0.4648805018961717
evap_cuencas_lag14,CLIMA,93,4.434532473361838e-05,True,0.0,1812,0.20420509559707256,0.30861070838354576,False,0.0,0.00031969962816909004,0.11194029850746269,0.470074812967581,0.7955112219451371,0,0,0,1,1,0.4591754444733936
mjo_amplitud_lag7,CLIMA,64,7.273044238794308e-08,True,0.0,1819,0.2979746900739625,0.41518455104642576,False,0.0,0.00031647785791172334,0.11194029850746269,0.470074812967581,0.7905236907730673,0,0,0,1,1,0.4575129340827037
capacidad_efectiva_d7,OFERTA,229,1.4944752067645257e-13,True,0.0,1818,0.5391536464098148,0.6282312053818712,False,0.0,0.000281052229841805,0.11194029850746269,0.470074812967581,0.7680798004987531,0,0,0,1,1,0.45003163732459894
volumen_por_embalse_lag3,HIDRO,190,0.0004897244575340253,True,0.03377958703758477,1823,0.0001437307265810487,0.00046975408199659817,True,0.0,-9.31399351260076e-05,0.6791044776119403,0.470074812967581,0.1970074812967581,1,0,0,0,1,0.4487289239587598
disp_declarada_lag2,OFERTA,171,0.06907034394390699,False,0.02622412853809042,1824,2.4571030715024247e-08,1.2194511540049072e-07,True,0.0,-3.306544022088076e-05,0.6044776119402985,0.470074812967581,0.26932668329177056,1,0,0,0,1,0.44795970273321667
volumen_util_pct_emb_lag3,HIDRO,190,0.00032340442574697593,True,0.030738776960369307,1823,0.002717781164750153,0.0071878159751944835,True,0.0,-7.431354738568485e-05,0.6492537313432836,0.470074812967581,0.22443890274314215,1,0,0,0,1,0.44792248235133564
precip_cuencas_lag30,CLIMA,75,4.927862977498985e-12,True,0.0,1796,0.15854862055945615,0.2509312813578794,False,0.0,0.0002688571269131579,0.11194029850746269,0.470074812967581,0.7556109725685786,0,0,0,1,1,0.4458753613478741
aportes_por_rio_lag14,HIDRO,95,0.002204922932503236,True,0.04016372442631866,1812,0.10626964577498985,0.1802548422006157,False,0.0,-0.00020557356951990126,0.7388059701492538,0.470074812967581,0.12468827930174564,0,1,0,0,1,0.44452302080619344
aportes_pct_sistema_lag1,HIDRO,113,2.4757586994824967e-07,True,0.028796652773801945,1825,5.6992299599646346e-12,3.636651498263147e-11,True,0.0,-8.64354772205922e-05,0.6393034825870647,0.470074812967581,0.20199501246882792,1,0,0,0,1,0.4371244360078245
disp_declarada_lag1,OFERTA,171,0.06560353155381017,False,0.0022787421133614316,1825,3.830969263114585e-08,1.8554814985205583e-07,True,0.0,5.079602103441605e-05,0.2537313432835821,0.470074812967581,0.5760598503740648,1,0,0,0,1,0.43328866887507594
mjo_pc2_lag3,CLIMA,12,4.686723218202793e-21,True,0.04146098810071486,1823,0.2760754165974415,0.3880500610915087,False,0.0,-0.0003854231453156665,0.7487562189054726,0.470074812967581,0.06982543640897755,0,1,0,0,1,0.4295521560940105
disp_real_lag7,OFERTA,170,0.02459040086837932,True,0.02802937842414721,1819,5.5579363573309484e-05,0.00018775549711319675,True,0.0,-9.638427492165702e-05,0.6243781094527363,0.470074812967581,0.19201995012468828,1,0,0,0,1,0.42882429084833523
gen_seguridad_lag3,EXPOST,126,1.959008255203623e-09,True,0.0,1823,0.06054261548785664,0.11480250672697342,False,0.0,0.00018392505588712415,0.11194029850746269,0.470074812967581,0.7032418952618454,0,0,0,1,1,0.42841900224562973
restricciones_lag30,EXPOST,199,0.06740898040227981,False,0.005599575295044623,1796,0.00356538647765351,0.009071426354536146,True,0.0,1.3280214386401923e-05,0.29850746268656714,0.470074812967581,0.513715710723192,1,0,0,0,1,0.42743266212578
consumo_combustible_lag7,EXPOST,196,0.2184141065829221,False,0.026104162972419687,1819,1.480579115145562e-06,5.762795672730684e-06,True,0.0,-7.99237896215499e-05,0.5970149253731343,0.470074812967581,0.2144638403990025,1,0,0,0,1,0.4271845262465726
restricciones_sin_aliv_lag30,EXPOST,199,0.017961754608142592,True,0.0,1796,0.046200517750916624,0.09286304067934241,True,0.0,0.000180777862106396,0.11194029850746269,0.470074812967581,0.6982543640897756,1,0,0,0,1,0.42675649185493975
restricciones_sin_aliv_lag3,EXPOST,202,0.024188494136070077,True,0.03181091219663301,1823,7.237580803795124e-08,3.269109531601842e-07,True,0.0,-0.00016737012312856292,0.6592039800995025,0.470074812967581,0.14214463840399003,1,0,0,0,1,0.4238078104903578
temp_andina_med_lag7,CLIMA,194,1.898803070485949e-07,True,0.0,1819,0.010153044648395736,0.024151029281982758,True,0.0,0.00016437880952219208,0.11194029850746269,0.470074812967581,0.685785536159601,1,0,0,0,1,0.42260021587821495
trm_lag1,COSTO,164,0.10178065877037606,False,0.0071431541745328175,1825,0.04956972865535705,0.09816271388893366,True,0.0,1.2190087531394055e-06,0.31840796019900497,0.470074812967581,0.4763092269326683,1,0,0,0,1,0.4215973333664181
margen_reserva_lag1,OFERTA,139,7.093089725890275e-06,True,0.00032891539112700485,1824,1.0258013673218812e-21,8.415758156395842e-21,True,0.0,3.9258071428660556e-05,0.23134328358208955,0.470074812967581,0.5586034912718204,1,0,0,0,1,0.420007195940497
volumen_util_pct_emb_lag7,HIDRO,190,0.00032598236180128657,True,0.01863270600404654,1819,2.3664557204803604e-06,8.808474070676898e-06,True,0.0,-3.245744796943617e-05,0.5099502487562189,0.470074812967581,0.2718204488778055,1,0,0,0,1,0.41728183686720177
precip_cuencas_lag3,CLIMA,49,4.0062503168842204e-12,True,0.03009855482433199,1823,0.0031176824904080368,0.008034027956051478,True,0.0,-0.0002177868846196751,0.6442786069651741,0.470074812967581,0.11471321695760599,1,0,0,0,1,0.4096888789634537
aportes_por_rio_lag7,HIDRO,107,0.0022615362849274356,True,0.03087379893328901,1819,3.632554679504996e-05,0.00012481085309068449,True,0.0,-0.00026438486444395614,0.654228855721393,0.470074812967581,0.10473815461346633,1,0,0,0,1,0.4096806077674801
volumen_por_embalse_lag2,HIDRO,190,0.0004814576664232672,True,0.02019761238877571,1824,1.7727204268995583e-05,6.420122627149751e-05,True,0.0,-7.60059166716065e-05,0.5298507462686567,0.470074812967581,0.2194513715710723,1,0,0,0,1,0.40645897693577
volumen_util_pct_d7,HIDRO,103,0.00037238452131722844,True,0.0182947190110756,1818,4.67888572383339e-12,3.033729130614553e-11,True,0.0,-4.114402239300263e-05,0.4900497512437811,0.470074812967581,0.256857855361596,1,0,0,0,1,0.4056608065243193
precip_cuencas_lag7,CLIMA,88,3.940432836615844e-12,True,0.0,1819,0.02182820908022689,0.050142514572864054,True,0.0,9.556635215871579e-05,0.11194029850746269,0.470074812967581,0.6309226932668329,1,0,0,0,1,0.40431260158062554
gen_seguridad_lag2,EXPOST,125,2.016143904327216e-09,True,0.0,1824,0.005109390617226016,0.012757608870340735,True,0.0,9.495745026956159e-05,0.11194029850746269,0.470074812967581,0.628428927680798,1,0,0,0,1,0.4034813463852806
consumo_combustible_lag14,EXPOST,197,0.21008304774069853,False,0.030630154860188163,1812,4.581139679942362e-08,2.1666095898080347e-07,True,0.0,-0.00030574609286065924,0.6467661691542289,0.470074812967581,0.09226932668329177,1,0,0,0,1,0.40303676960170054
disp_real_lag3,OFERTA,171,0.026643656190699878,True,0.01822467046320586,1823,0.00016428753126424624,0.0005241554568906903,True,0.0,-5.0341122622765686e-05,0.48756218905472637,0.470074812967581,0.24688279301745636,1,0,0,0,1,0.4015065983465879
mjo_pc1_lag1,CLIMA,17,9.027695798399584e-18,True,0.03694380565860467,1825,0.21103478038932041,0.31655217058398066,False,0.0,-0.0008516596992622638,0.7114427860696517,0.470074812967581,0.017456359102244388,0,1,0,0,1,0.39965798604649233
viento_guajira_100m_lag7,CLIMA,56,1.2988856786754689e-14,True,0.03321873687750809,1819,0.03707657673046122,0.07762908252940318,True,0.0,-0.0005054289960256475,0.6716417910447762,0.470074812967581,0.04987531172069826,1,0,0,0,1,0.3971973052443518
exportaciones_lag14,EXPOST,181,8.00495095383608e-06,True,0.02627963994032223,1687,0.043131743002939205,0.08783839550738262,True,0.0,-0.0002742832112106575,0.6069651741293532,0.470074812967581,0.10224438902743142,1,0,0,0,1,0.3930947920414552
aportes_pct_rio_lag3,HIDRO,115,3.7109531367490375e-14,True,0.0,1823,0.0001947922402920595,0.0006023575430569839,True,0.0,6.01269488223477e-05,0.11194029850746269,0.470074812967581,0.5835411471321695,1,0,0,0,1,0.38851875286907106
aportes_por_rio_lag3,HIDRO,106,0.002304100953287755,True,0.026950997748950378,1823,0.003452571758241818,0.008840342973332553,True,0.0,-0.00038931891844085076,0.6194029850746269,0.470074812967581,0.06733167082294264,1,0,0,0,1,0.3856031562883835
gen_por_recurso_lag2,EXPOST,137,7.610338799629995e-05,True,0.0,1824,7.695301958724048e-22,6.44481539043139e-21,True,0.0,4.535864114579846e-05,0.11194029850746269,0.470074812967581,0.5685785536159601,1,0,0,0,1,0.38353122169700127
volumen_util_pct_lag7,HIDRO,190,0.0003288362042831543,True,0.01850074253649936,1819,8.789596070527083e-07,3.569108707426149e-06,True,0.0,-0.0001168010656616536,0.5049751243781094,0.470074812967581,0.1745635910224439,1,0,0,0,1,0.3832045094560448
restricciones_d7,EXPOST,213,2.688294092434638e-18,True,0.009000571356367004,1818,0.0001052953107783682,0.00034695667977790176,True,0.0,-2.413380809150878e-05,0.35572139303482586,0.470074812967581,0.28428927680798005,1,0,0,0,1,0.370028494270129
compras_contrato_lag1,CONTRATOS,145,0.2460314540369115,False,0.018350384452875623,1825,2.638863581991455e-36,5.893461999780917e-35,True,0.0,-0.00020790028478189225,0.4925373134328358,0.470074812967581,0.12219451371571072,1,0,0,0,1,0.3616022133720425
gen_por_recurso_lag3,EXPOST,131,7.685343898462051e-05,True,0.015255845531273238,1823,3.055379830013238e-40,8.18841794443548e-39,True,0.0,-0.00012792475520426728,0.44029850746268656,0.470074812967581,0.17206982543640897,1,0,0,0,1,0.36081438195555887
consumo_combustible_d7,EXPOST,223,1.1127270686505836e-13,True,0.018200572004680282,1818,2.3006869714363422e-11,1.4228864038729377e-10,True,0.0,-0.0002261164412364236,0.48507462686567165,0.470074812967581,0.11221945137157108,1,0,0,0,1,0.35578963040160794
margen_reserva_lag2,OFERTA,133,7.1592714901658685e-06,True,0.02368659418700414,1823,3.272491299194619e-40,8.22213438922648e-39,True,0.0,-0.0006109736669360433,0.554726368159204,0.470074812967581,0.0399002493765586,1,0,0,0,1,0.35490047683444786
humedad_caribe_d7,CLIMA,39,1.178776576381745e-15,True,0.02448957007144692,1818,0.0058149811017897055,0.014253795139752815,True,0.0,-0.0007396206158527096,0.5671641791044776,0.470074812967581,0.02493765586034913,1,0,0,0,1,0.35405888264413593
evap_cuencas_lag3,CLIMA,51,3.968781337137947e-05,True,0.0,1823,0.0001518596485745164,0.0004923191832818999,True,0.0,7.981640259058232e-07,0.11194029850746269,0.470074812967581,0.47381546134663344,1,0,0,0,1,0.35194352427389236
gen_seguridad_lag30,EXPOST,119,3.42509997959793e-09,True,0.017156051445001985,1796,8.55972627969599e-05,0.00028438098879651134,True,0.0,-0.00023334204670282243,0.46766169154228854,0.470074812967581,0.10972568578553615,1,0,0,0,1,0.34915406343180194
exportaciones_lag30,EXPOST,182,8.257054342010132e-06,True,0.018625659106856762,1682,0.005335905546492324,0.013240950800555026,True,0.0,-0.00041894084744994455,0.5074626865671642,0.470074812967581,0.06234413965087282,1,0,0,0,1,0.34662721306187266
volumen_util_pct_emb_d7,HIDRO,103,0.00037402944903626206,True,0.014041940662225194,1818,2.3076514767483187e-12,1.5461264894213737e-11,True,0.0,-0.00021443854418188302,0.42786069651741293,0.470074812967581,0.1172069825436409,1,0,0,0,1,0.33838083067621155
precio_cargo_conf_lag14,REGULATORIO,164,0.18837140370749933,False,0.0,1812,0.0023819543008169446,0.006469902898164945,True,0.0,0.0,0.11194029850746269,0.470074812967581,0.428927680798005,1,0,0,0,1,0.33698093075768293
restricciones_lag1,EXPOST,203,0.10984360363000312,False,0.010180453286330327,1825,7.530438949578798e-09,3.983205865435101e-08,True,0.0,-0.00017604165128799477,0.3656716417910448,0.470074812967581,0.1371571072319202,1,0,0,0,1,0.324301187330182
perdidas_energia_lag30,EXPOST,74,2.535306825236244e-13,True,0.00404966383025851,1796,0.04326368733945711,0.08783839550738262,True,0.0,-0.00013316279034798485,0.27114427860696516,0.470074812967581,0.16957605985037408,1,0,0,0,1,0.3035983838083068
disp_comercial_lag30,OFERTA,168,0.07846216031641977,False,0.011392240464290992,1796,3.0473724702843096e-05,0.00010745997658370987,True,0.0,-0.00046887730483652357,0.38308457711442784,0.470074812967581,0.057356608478802994,1,0,0,0,1,0.303505332853604
log_precio_lag3,AR,226,2.9332771564469728e-15,True,0.012650515817999697,1822,2.1600189465478255e-119,2.894425388374086e-117,True,0.0,-0.0008742956036160487,0.40298507462686567,0.470074812967581,0.014962593516209476,1,0,0,0,1,0.296007493703552
restricciones_lag14,EXPOST,200,0.0888098376690114,False,0.0,1812,0.03276908435785008,0.07007006336093474,True,0.0,-2.766838299544938e-05,0.11194029850746269,0.470074812967581,0.2793017456359102,1,0,0,0,1,0.28710561903698467
gen_fuera_merito_lag1,EXPOST,120,2.119345031025066e-05,True,0.0,1825,0.007586836251939082,0.018484291959269764,True,0.0,-3.707922933704477e-05,0.11194029850746269,0.470074812967581,0.26184538653366585,1,0,0,0,1,0.28128683266956983
demanda_regulada_lag30,DEMANDA,141,0.012535739530621363,True,0.0,1796,1.4643441829457439e-26,2.264101390554573e-25,True,0.0,-3.7398197287119574e-05,0.11194029850746269,0.470074812967581,0.2593516209476309,1,0,0,0,1,0.28045557747422484
radiacion_cesar_lag1,CLIMA,62,4.0403479883550755e-06,True,0.007185037072377831,1825,9.897556251695753e-06,3.617106921074266e-05,True,0.0,-0.0005791270382341729,0.3208955223880597,0.470074812967581,0.04488778054862843,1,0,0,0,1,0.2786193719680897
radiacion_cesar_d7,CLIMA,38,1.747901390607211e-21,True,0.0,1818,2.7862071597434184e-05,9.911993612538532e-05,True,0.0,-4.7767546374477554e-05,0.11194029850746269,0.470074812967581,0.24937655860349128,1,0,0,0,1,0.277130556692845
humedad_caribe_lag1,CLIMA,97,0.0004652010985619998,True,0.0060916681546050455,1825,0.002967256987886864,0.0077456968125358405,True,0.0,-0.0005972661780220712,0.3034825870646766,0.470074812967581,0.04239401496259352,1,0,0,0,1,0.27198380499828373
radiacion_cesar_lag7,CLIMA,91,3.868327210355226e-06,True,0.0,1819,0.049996019655146516,0.09852156814396519,True,0.0,-9.342217289526333e-05,0.11194029850746269,0.470074812967581,0.19451371571072318,1,0,0,0,1,0.2588429423952556
temp_caribe_max_lag3,CLIMA,59,2.3986887858573006e-07,True,0.0,1823,0.03170872721007215,0.06816528523234762,True,0.0,-0.0001163028898706453,0.11194029850746269,0.470074812967581,0.1770573566084788,1,0,0,0,1,0.25302415602784084
disp_comercial_d7,OFERTA,216,1.8446002941233938e-17,True,0.0,1818,1.8059058701924072e-08,9.074676997716846e-08,True,0.0,-0.0001362115109867723,0.11194029850746269,0.470074812967581,0.16708229426433915,1,0,0,0,1,0.24969913524646095
demanda_no_regulada_lag3,DEMANDA,132,3.8042642949393693e-07,True,0.0,1823,7.430423110962028e-42,2.4891917421722797e-40,True,0.0,-0.00014319577115335936,0.11194029850746269,0.470074812967581,0.1596009975062344,1,0,0,0,1,0.24720536966042603
demanda_regulada_lag3,DEMANDA,131,0.013310122935896587,True,0.0,1823,9.47074404979489e-39,2.239552416480909e-37,True,0.0,-0.00015258597712222154,0.11194029850746269,0.470074812967581,0.15211970074812967,1,0,0,0,1,0.2447116040743911
temp_caribe_max_lag1,CLIMA,57,3.0495584542872643e-07,True,0.0015665890839597907,1825,1.6442204521141666e-06,6.295015445237095e-06,True,0.0,-0.0014778311247121366,0.24378109452736318,0.470074812967581,0.007481296758104738,1,0,0,0,1,0.2404457347510163
mjo_pc2_lag1,CLIMA,12,4.769635375923761e-21,True,0.0,1825,0.031236238393539777,0.06751057975377951,True,0.0,-0.0001806150167580678,0.11194029850746269,0.470074812967581,0.13216957605985039,1,0,0,0,1,0.23806156251163135
demanda_por_or_lag1,DEMANDA,151,0.0003990202399341432,True,0.0014128288441561665,1825,3.698128900259129e-24,3.912231099747815e-23,True,0.0,-0.004105593375870975,0.23880597014925373,0.470074812967581,0.004987531172069825,1,0,0,0,1,0.23795610476296822
perdidas_energia_lag3,EXPOST,70,2.148854851864135e-13,True,0.0,1823,0.017230413611311442,0.040271082975274416,True,0.0,-0.00032713308522623884,0.11194029850746269,0.470074812967581,0.08728179551122195,1,0,0,0,1,0.2230989689954219
humedad_caribe_lag2,CLIMA,98,0.000448980709751364,True,0.0,1824,0.005424430068824788,0.013378042255629233,True,0.0,-0.00034135878336670754,0.11194029850746269,0.470074812967581,0.0798004987531172,1,0,0,0,1,0.22060520340938697
gen_seguridad_lag7,EXPOST,128,2.726580796881809e-09,True,0.0,1819,0.036338286441811515,0.0772909584635356,True,0.0,-0.0003745345265543154,0.11194029850746269,0.470074812967581,0.07481296758104738,1,0,0,0,1,0.21894269301869704
precio_prom_contrato_d7,CONTRATOS,219,2.0205673486060338e-14,True,0.0,1818,1.4908725123482366e-06,5.762795672730684e-06,True,0.0,-0.00044272713878413806,0.11194029850746269,0.470074812967581,0.059850374064837904,1,0,0,0,1,0.21395516184662722
viento_guajira_100m_d7,CLIMA,40,4.9099745617696346e-20,True,0.0,1818,0.00019066508553563437,0.0005941656153901165,True,0.0,-0.0006566128108264957,0.11194029850746269,0.470074812967581,0.034912718204488775,1,0,0,0,1,0.2056426098931775
viento_guajira_100m_lag1,CLIMA,55,9.730112080885056e-15,True,0.0,1825,0.004531815046560067,0.011457796532812247,True,0.0,-0.000723238083315303,0.11194029850746269,0.470074812967581,0.02743142144638404,1,0,0,0,1,0.20314884430714256
gen_fuera_merito_lag14,EXPOST,124,2.089073416107676e-05,True,0.0,1812,0.02981823767687803,0.06479422457354037,True,0.0,-0.0007671900996471193,0.11194029850746269,0.470074812967581,0.022443890274314215,1,0,0,0,1,0.20148633391645265
compras_contrato_lag3,CONTRATOS,148,0.25482270639009297,False,0.0,1823,1.0546522299085464e-46,6.056717091760509e-45,True,0.0,-0.001073514526557917,0.11194029850746269,0.470074812967581,0.00997506234413965,1,0,0,0,1,0.1973300579397278
demanda_por_or_lag3,DEMANDA,131,0.00048353977367690483,True,0.0,1823,1.1756698417607927e-41,3.3758519741988474e-40,True,0.0,-0.005936803509265298,0.11194029850746269,0.470074812967581,0.0024937655860349127,1,0,0,0,1,0.19483629235369285
volumen_por_embalse_lag30,HIDRO,189,0.0005638568839712129,True,0.03561572138639857,1796,0.1188781575774019,0.19597763056600975,False,0.0,0.00014639632328482531,0.6915422885572139,0.470074812967581,0.6683291770573566,0,0,0,0,0,0.6099820928607173
importaciones_lag2,EXPOST,184,0.030518064013863207,True,0.03537542391436821,1721,0.3191039650135799,0.43337768221438894,False,0.0,8.738991789267737e-05,0.6865671641791045,0.470074812967581,0.6134663341645885,0,0,0,0,0,0.5900361037704246
volumen_util_pct_lag30,HIDRO,189,0.0003815038272362673,True,0.028370965148903693,1796,0.09930230184174978,0.1728117980103178,False,0.0,0.00014499745262948062,0.6318407960199005,0.470074812967581,0.6658354114713217,0,0,0,0,0,0.5892503401529344
oni_lag1,HIDRO,206,0.7605831800337453,False,0.035465164959451734,1825,0.219957233075195,0.32756710625851865,False,0.0,5.4060731630400924e-05,0.6890547263681592,0.470074812967581,0.5785536159600998,0,0,0,0,0,0.5792277184319466
volumen_por_embalse_lag14,HIDRO,190,0.0005044551210943603,True,0.02673301148547047,1812,0.08817312671038083,0.1568389245025358,False,0.0,6.713588849541763e-05,0.6144278606965174,0.470074812967581,0.5885286783042394,0,0,0,0,0,0.5576771173227792
exportaciones_lag3,EXPOST,179,7.956083132864968e-06,True,0.02536786261808377,1688,0.18128094756176621,0.28137042826189196,False,0.0,2.442991804327832e-05,0.5920398009950248,0.470074812967581,0.5386533665835411,0,0,0,0,0,0.5335893268487156
cere_lag3,REGULATORIO,175,0.10196919488223027,False,0.026810636902343532,1823,0.19118727960606063,0.29297433586446,False,0.0,5.492998765621593e-06,0.6169154228855721,0.470074812967581,0.49625935162094764,0,0,0,0,0,0.5277498624913669
precio_escasez_lag7,REGULATORIO,174,0.9305069791094646,False,0.03415629670542231,1819,0.13642051111273912,0.22024516251936194,False,0.0,0.0,0.681592039800995,0.470074812967581,0.428927680798005,0,0,0,0,0,0.5268648445221936
mjo_pc2_lag30,CLIMA,14,7.71117438880325e-21,True,0.016556073603349653,1796,0.865708838027101,0.8766119720072911,False,0.0,0.00011747054508609578,0.4577114427860697,0.470074812967581,0.6508728179551122,0,0,0,0,0,0.5262196912362543
aportes_pct_sistema_lag14,HIDRO,94,2.541103205791262e-07,True,0.015856949928976682,1812,0.06714506781634522,0.12496443176930916,False,0.0,0.00011817844011926537,0.44776119402985076,0.470074812967581,0.655860349127182,0,0,0,0,0,0.5245654520415379
aportes_pct_rio_lag14,HIDRO,94,4.1202807147699737e-14,True,0.014393042128715727,1812,0.5971140190612001,0.6761685511622604,False,0.0,7.331971579135343e-05,0.43034825870646765,0.470074812967581,0.600997506234414,0,0,0,0,0,0.5004735259694876
mjo_pc1_lag2,CLIMA,17,8.739270845590804e-18,True,0.011330052072715091,1824,0.44409468998442425,0.5377291125715017,False,0.0,9.327691201163057e-05,0.3805970149253731,0.470074812967581,0.6234413965087282,0,0,0,0,0,0.4913710748005608
demanda_upme_bajo_lag1,DEMANDA,166,0.003419847969651749,True,0.035357425641799,1825,0.42906417158132626,0.5258652346819913,False,0.0,-6.844023776120256e-06,0.6840796019900498,0.470074812967581,0.3117206982543641,0,0,0,0,0,0.4886250377373316
precio_cargo_conf_lag1,REGULATORIO,164,0.15600177503423818,False,0.01846626269141538,1825,0.058639783159812914,0.11315157234559257,False,0.0,3.437375255477271e-06,0.5024875621890548,0.470074812967581,0.48129675810473815,0,0,0,0,0,0.48461971108712465
aportes_media_hist_d7,HIDRO,29,4.401477541280319e-05,True,0.01610576322941304,1818,0.3603142843563163,0.468758389356761,False,0.0,1.8189509745814015e-05,0.4527363184079602,0.470074812967581,0.5236907730673317,0,0,0,0,0,0.4821673014809576
exportaciones_lag7,EXPOST,180,7.956083132864968e-06,True,0.017233951641857814,1688,0.3964943171070212,0.5012286650220834,False,0.0,3.7467833393756143e-06,0.4701492537313433,0.470074812967581,0.48877805486284287,0,0,0,0,0,0.4763340405205891
temp_andina_med_lag3,CLIMA,192,1.8744784348909388e-07,True,0.013100048414670162,1823,0.11423142041286172,0.1913376291915434,False,0.0,1.1825632466144764e-05,0.4154228855721393,0.470074812967581,0.5087281795511222,0,0,0,0,0,0.4647419593636141
importaciones_lag3,EXPOST,185,0.02982706067908922,True,0.010288757542248117,1720,0.3830790851818114,0.4885252680224421,False,0.0,3.0305740437175378e-05,0.3681592039800995,0.470074812967581,0.5486284289276808,0,0,0,0,0,0.46228748195845376
tormenta_caribe_viento_max_d7,CLIMA,6,2.7322740674497976e-24,True,0.0051730479639369165,1818,0.8799462937437357,0.8865624312906811,False,0.0,9.379888209305464e-05,0.2885572139303483,0.470074812967581,0.6259351620947631,0,0,0,0,0,0.4615223963308974
enficc_lag0,REGULATORIO,173,0.32263251810074756,False,0.017863437269972415,1825,0.6153733078011934,0.6910057813856976,False,0.0,0.0,0.48009950248756217,0.470074812967581,0.428927680798005,0,0,0,0,0,0.45970066541771604
precio_cargo_conf_lag7,REGULATORIO,164,0.16541789704801585,False,0.026216526922074657,1819,0.33086793221761895,0.44336302917160936,False,0.0,-9.137328916464238e-06,0.6019900497512438,0.470074812967581,0.30423940149625933,0,0,0,0,0,0.4587680880716947
enficc_lag1,REGULATORIO,173,0.3228682992114234,False,0.013075532570068216,1825,0.2580843564029131,0.3732011196905434,False,0.0,0.0,0.4129353233830846,0.470074812967581,0.428927680798005,0,0,0,0,0,0.43731260571622355
exportaciones_lag1,EXPOST,177,7.956083132864968e-06,True,0.02424359119307873,1688,0.253692159256806,0.36817418058207946,False,0.0,-2.7869613633613178e-05,0.5646766169154229,0.470074812967581,0.27680798004987534,0,0,0,0,0,0.4371864699776264
volumen_util_pct_emb_lag30,HIDRO,189,0.0003791207074467595,True,0.026651442812096526,1796,0.0764793087001415,0.14038667624409534,False,0.0,-8.56739026623976e-05,0.6119402985074627,0.470074812967581,0.20448877805486285,0,0,0,0,0,0.4288346298433021
mjo_amplitud_lag2,CLIMA,63,7.293526403676384e-08,True,0.0,1824,0.6822124937358147,0.7352531433828351,False,0.0,0.0001790306802838204,0.11194029850746269,0.470074812967581,0.6957605985037406,0,0,0,0,0,0.42592523665959475
trm_lag7,COSTO,164,0.10928458460231932,False,0.004538695348868416,1819,0.3131590763487011,0.42819710439516273,False,0.0,1.100264611162416e-05,0.27860696517412936,0.470074812967581,0.5037406483790524,0,0,0,0,0,0.41747414217358764
enficc_lag7,REGULATORIO,173,0.5405398587886037,False,0.008518209031729729,1819,0.6126554921073972,0.6910057813856976,False,0.0,0.0,0.34328358208955223,0.470074812967581,0.428927680798005,0,0,0,0,0,0.41409535861837937
perdidas_energia_lag2,EXPOST,69,1.9676368601006563e-13,True,0.0,1824,0.06676606127331908,0.12483700759011289,False,0.0,0.00013178688597578203,0.11194029850746269,0.470074812967581,0.6583541147132169,0,0,0,0,0,0.4134564087294202
mjo_pc1_lag14,CLIMA,10,1.4281942385695142e-17,True,0.0,1812,0.40387212477813567,0.5040740134587024,False,0.0,0.00010958265571785475,0.11194029850746269,0.470074812967581,0.6458852867830424,0,0,0,0,0,0.40930013275269533
soi_d7,CLIMA,28,1.7747187348834734e-23,True,0.0037455387895040104,1818,0.7719203868337285,0.8123350667726672,False,0.0,4.96363578125214e-06,0.263681592039801,0.470074812967581,0.4912718204488778,0,0,0,0,0,0.4083427418187533
tormenta_caribe_viento_max_lag7,CLIMA,4,1.941149101849586e-14,True,0.0010530575403489006,1819,0.47051734297664305,0.5629403924899122,False,0.0,1.3453179921640857e-05,0.236318407960199,0.470074812967581,0.516209476309227,0,0,0,0,0,0.40753423241233566
enficc_lag14,REGULATORIO,173,0.5410898127436155,False,0.007323475370380805,1812,0.7771849506669563,0.8136154952294699,False,0.0,0.0,0.32338308457711445,0.470074812967581,0.428927680798005,0,0,0,0,0,0.4074618594475668
humedad_caribe_lag3,CLIMA,99,0.0004215291789964611,True,0.0,1823,0.10091788479131705,0.17486633485392006,False,0.0,0.0001012866179773142,0.11194029850746269,0.470074812967581,0.6359102244389028,0,0,0,0,0,0.4059751119713155
enficc_lag3,REGULATORIO,173,0.32334028312519525,False,0.006740651305811252,1823,0.7954041208004388,0.8251737286899568,False,0.0,0.0,0.31094527363184077,0.470074812967581,0.428927680798005,0,0,0,0,0,0.40331592246580894
enficc_lag2,REGULATORIO,173,0.3231042208738351,False,0.011794093498935787,1824,0.39174555405053835,0.496787737313301,False,0.0,-4.4408920985006264e-17,0.39303482587064675,0.470074812967581,0.34538653366583544,0,0,0,0,0,0.4028320575013544
enficc_lag30,REGULATORIO,173,0.542281154721198,False,0.0060288408163433616,1796,0.8437180365799349,0.858670001785149,False,0.0,0.0,0.3009950248756219,0.470074812967581,0.428927680798005,0,0,0,0,0,0.39999917288040265
mjo_pc2_lag14,CLIMA,15,4.690497246350276e-21,True,0.017940690734360665,1812,0.9474686984276117,0.9474686984276117,False,0.0,-5.697982044777783e-05,0.48258706467661694,0.470074812967581,0.24189526184538654,0,0,0,0,0,0.3981857131631948
aportes_pct_sistema_lag30,HIDRO,77,2.7743654399140435e-07,True,0.024526588696985208,1796,0.3362134839360343,0.4460654143309762,False,0.0,-0.00017750962097125013,0.5696517412935324,0.470074812967581,0.13466334164588528,0,0,0,0,0,0.39146329863566626
enficc_d7,REGULATORIO,22,8.368951622241687e-08,True,0.004364185225856021,1818,0.6790645141006932,0.7338277813668782,False,0.0,0.0,0.2736318407960199,0.470074812967581,0.428927680798005,0,0,0,0,0,0.3908781115205353
mjo_pc1_lag3,CLIMA,17,9.018996462410197e-18,True,0.024527948931052812,1823,0.3104840627155189,0.42598837273596796,False,0.0,-0.000183698975996216,0.572139303482587,0.470074812967581,0.12967581047381546,0,0,0,0,0,0.39062997564132784
cere_d7,REGULATORIO,27,2.244078378829991e-15,True,0.009501842131710347,1818,0.20805080151412794,0.31324502699879936,False,0.0,-1.2575772408984776e-07,0.3582089552238806,0.470074812967581,0.341645885286783,0,0,0,0,0,0.3899765511594149
tormenta_caribe_viento_max_lag1,CLIMA,5,1.792413341156232e-14,True,0.0037971916666659222,1825,0.7497796494601217,0.7911060868319394,False,0.0,0.0,0.26616915422885573,0.470074812967581,0.428927680798005,0,0,0,0,0,0.38839054933148054
mjo_amplitud_lag1,CLIMA,63,5.979429117158375e-08,True,0.020520878241470086,1825,0.7306002908989622,0.7749114702788361,False,0.0,-0.00014888995790700575,0.5348258706467661,0.470074812967581,0.1571072319201995,0,0,0,0,0,0.38733597184484886
exportaciones_lag2,EXPOST,178,7.956083132864968e-06,True,0.02647161330031711,1688,0.22000775793482596,0.32756710625851865,False,0.0,-0.00038305834999309286,0.6094527363184079,0.470074812967581,0.07231920199501247,0,0,0,0,0,0.38394891709366713
importaciones_lag14,EXPOST,187,0.016466463390623597,True,0.02519694050056298,1709,0.2648790419292278,0.3789407957494457,False,0.0,-0.00033772252688182294,0.5870646766169154,0.470074812967581,0.08229426433915212,0,0,0,0,0,0.37981125130788285
mjo_pc2_lag2,CLIMA,12,4.999204240699995e-21,True,0.023948754192941735,1824,0.060275219049702636,0.11480250672697342,False,0.0,-0.0002476915828449777,0.5597014925373134,0.470074812967581,0.10723192019950124,0,0,0,0,0,0.3790027419014652
importaciones_lag1,EXPOST,183,0.031084345605665604,True,0.0279297699521881,1722,0.8784013459744078,0.8865624312906811,False,0.0,-0.0006454817599610641,0.6218905472636815,0.470074812967581,0.03740648379052369,0,0,0,0,0,0.3764572813405955
dem_no_atendida_noprog_lag2,EXPOST,1,0.0,True,0.0,1472,0.22561592003880798,0.33233010488620685,False,0.0,2.8695453972915617e-05,0.11194029850746269,0.470074812967581,0.5461346633416458,0,0,0,0,0,0.3760499249388965
compras_contrato_d7,CONTRATOS,35,7.932239882943008e-12,True,0.02231710586482727,1818,0.05882755875678818,0.11315157234559257,False,0.0,-0.0002840813706894818,0.5522388059701493,0.470074812967581,0.09975062344139651,0,0,0,0,0,0.37402141412637563
precio_cargo_conf_lag0,REGULATORIO,164,0.14892738732802308,False,0.011414016158626694,1825,0.12243060551955137,0.2008861364035088,False,0.0,-4.262901248702766e-05,0.3855721393034826,0.470074812967581,0.2543640897755611,0,0,0,0,0,0.37000368068220824
tormenta_caribe_viento_max_lag3,CLIMA,8,1.840655927069508e-14,True,0.0,1823,0.4751171445930311,0.5640860579381187,False,0.0,1.9649279369871042e-05,0.11194029850746269,0.470074812967581,0.5261845386533666,0,0,0,0,0,0.3693998833761367
cee_d7,REGULATORIO,25,1.690714819551386e-11,True,0.00836402298826533,1818,0.26488150150645334,0.3789407957494457,False,0.0,-1.2141941703569525e-05,0.3383084577114428,0.470074812967581,0.2942643391521197,0,0,0,0,0,0.3675492032770478
tormenta_caribe_viento_max_lag30,CLIMA,9,2.6378826604668675e-14,True,0.0,1796,0.8215544276396877,0.8459513031524116,False,0.0,1.467344019976391e-05,0.11194029850746269,0.470074812967581,0.5187032418952618,0,0,0,0,0,0.36690611779010185
tormenta_caribe_n_d7,CLIMA,6,6.083163430524078e-21,True,0.0031673580311006866,1818,0.4424497328917114,0.5377291125715017,False,0.0,-2.2204460492503132e-17,0.26119402985074625,0.470074812967581,0.36658354114713215,0,0,0,0,0,0.3659507946551532
demanda_upme_alto_d7,DEMANDA,26,6.660846742372119e-28,True,0.0,1818,0.7751588772424088,0.8136132340768886,False,0.0,1.1008831358394477e-05,0.11194029850746269,0.470074812967581,0.5062344139650873,0,0,0,0,0,0.362749841813377
mc_d7,REGULATORIO,218,4.158081663108591e-09,True,0.0,1818,0.10307278457870989,0.17707375812239903,False,0.0,4.979008715011446e-06,0.11194029850746269,0.470074812967581,0.4937655860349127,0,0,0,0,0,0.35859356583665214
demanda_upme_bajo_d7,DEMANDA,26,5.61260661615044e-28,True,0.0,1818,0.8001196446137095,0.8268588615288207,False,0.0,3.7247246380434086e-06,0.11194029850746269,0.470074812967581,0.486284289276808,0,0,0,0,0,0.35609980025061727
temp_andina_med_lag2,CLIMA,191,2.0896744258271085e-07,True,0.019959835495907186,1824,0.06046669523209904,0.11480250672697342,False,0.0,-0.00040045871174405613,0.5223880597014925,0.470074812967581,0.06483790523690773,0,0,0,0,0,0.3524335926353271
precip_cuencas_acum30_lag7,CLIMA,101,4.916517215612969e-06,True,0.020262098702212405,1800,0.6373691043557954,0.7096607877080784,False,0.0,-0.0006842810272400856,0.5323383084577115,0.470074812967581,0.032418952618453865,0,0,0,0,0,0.3449440246812488
mjo_amplitud_lag30,CLIMA,67,7.394139829295367e-08,True,0.020047555904887382,1796,0.08402020140767828,0.1508229336352898,False,0.0,-0.0007020456843213729,0.527363184079602,0.470074812967581,0.029925187032418952,0,0,0,0,0,0.34245439469320066
importaciones_lag7,EXPOST,186,0.016932434325322095,True,0.004461991060114023,1716,0.1113306503500747,0.1880458884064287,False,0.0,-2.9923456175895423e-05,0.27611940298507465,0.470074812967581,0.2743142144638404,0,0,0,0,0,0.34016947680549875
precio_cargo_conf_lag30,REGULATORIO,161,0.3113872964976154,False,0.0,1796,0.08450672730295058,0.15098535278127173,False,0.0,0.0,0.11194029850746269,0.470074812967581,0.428927680798005,0,0,0,0,0,0.33698093075768293
oni_d7,HIDRO,24,0.029363740615843587,True,0.0,1818,0.5700724114233802,0.6510486062278376,False,0.0,0.0,0.11194029850746269,0.470074812967581,0.428927680798005,0,0,0,0,0,0.33698093075768293
tormenta_caribe_n_lag2,CLIMA,7,1.3908634102565965e-12,True,0.0,1824,0.44107867222223707,0.5377291125715017,False,0.0,0.0,0.11194029850746269,0.470074812967581,0.428927680798005,0,0,0,0,0,0.33698093075768293
tormenta_caribe_n_lag3,CLIMA,8,1.4069779035012192e-12,True,0.0,1823,0.3472269014795216,0.4576564406385826,False,0.0,0.0,0.11194029850746269,0.470074812967581,0.428927680798005,0,0,0,0,0,0.33698093075768293
tormenta_caribe_n_lag30,CLIMA,9,1.921793971628779e-12,True,0.0,1796,0.47218460420993413,0.5632587860308413,False,0.0,0.0,0.11194029850746269,0.470074812967581,0.428927680798005,0,0,0,0,0,0.33698093075768293
tormenta_caribe_viento_max_lag2,CLIMA,7,1.816371446978879e-14,True,0.0,1824,0.6629502611395354,0.7233893241819983,False,0.0,0.0,0.11194029850746269,0.470074812967581,0.428927680798005,0,0,0,0,0,0.33698093075768293
tormenta_caribe_n_lag7,CLIMA,4,1.473355569038051e-12,True,0.00013022116123151406,1819,0.49617369275799184,0.586652424966802,False,0.0,-4.901697563208796e-06,0.22388059701492538,0.470074812967581,0.3167082294264339,0,0,0,0,0,0.33688787980298013
mjo_pc1_lag7,CLIMA,18,9.374269396113437e-18,True,0.007740473741337794,1819,0.8650998242679818,0.8766119720072911,False,0.0,-8.420337582735194e-05,0.32587064676616917,0.470074812967581,0.20698254364089774,0,0,0,0,0,0.334309334458216
humedad_caribe_lag30,CLIMA,80,0.0005096600935523135,True,0.012945368618613173,1796,0.443921966731344,0.5377291125715017,False,0.0,-0.00021442908881826872,0.4079601990049751,0.470074812967581,0.11970074812967581,0,0,0,0,0,0.33257858670074397
temp_andina_med_lag14,CLIMA,96,2.5343684630158695e-07,True,0.01084633597362572,1812,0.2727888080443867,0.3861306367388854,False,0.0,-0.00015498808155892663,0.373134328358209,0.470074812967581,0.14962593516209477,0,0,0,0,0,0.3309450254959616
viento_guajira_100m_lag14,CLIMA,87,1.776694069259826e-14,True,0.01744754561616979,1812,0.22568686227346882,0.33233010488620685,False,0.0,-0.0010320757557460204,0.47512437810945274,0.470074812967581,0.012468827930174564,0,0,0,0,0,0.31922267300240276
tormenta_caribe_n_lag1,CLIMA,5,1.3749363665542914e-12,True,0.0,1825,0.31816925694455844,0.43337768221438894,False,0.0,-2.2204460492503132e-17,0.11194029850746269,0.470074812967581,0.36658354114713215,0,0,0,0,0,0.31619955087405865
aportes_pct_rio_lag30,HIDRO,77,5.222788376698467e-14,True,0.006513251083813287,1796,0.27820790829326586,0.3896849447173968,False,0.0,-0.00013779300836256337,0.30597014925373134,0.470074812967581,0.16458852867830423,0,0,0,0,0,0.31354449696653885
viento_guajira_100m_lag30,CLIMA,83,2.438187902543282e-14,True,0.000308011364198002,1796,0.5607454017746312,0.6459015802676268,False,0.0,-7.379887717646749e-05,0.22885572139303484,0.470074812967581,0.22693266832917705,0,0,0,0,0,0.3086210675632643
tormenta_caribe_viento_max_lag14,CLIMA,21,2.1306676335656193e-14,True,0.0,1812,0.41277469681354606,0.5105705480586016,False,0.0,-7.354380174295905e-07,0.11194029850746269,0.470074812967581,0.33665835411471323,0,0,0,0,0,0.30622448852991896
precio_escasez_d7,REGULATORIO,23,7.69531345579384e-12,True,0.0,1818,0.17354099608166226,0.2704010869179389,False,0.0,-7.957006810777046e-07,0.11194029850746269,0.470074812967581,0.3341645885286783,0,0,0,0,0,0.30539323333457397
tormenta_caribe_n_lag14,CLIMA,21,1.597269305061633e-12,True,0.0,1812,0.3336147287949019,0.44408318203824687,False,0.0,-3.484701611078389e-06,0.11194029850746269,0.470074812967581,0.3192019950124688,0,0,0,0,0,0.3004057021625042
precio_cargo_conf_d7,REGULATORIO,20,1.1458767976542642e-10,True,0.0,1818,0.7100677370788576,0.7571544570442991,False,0.0,-7.76523429562026e-06,0.11194029850746269,0.470074812967581,0.3092269326683292,0,0,0,0,0,0.29708068138112426
demanda_upme_medio_d7,DEMANDA,26,5.949279066754534e-28,True,0.0,1818,0.7964363351534907,0.8251737286899568,False,0.0,-1.1966550561315347e-05,0.11194029850746269,0.470074812967581,0.2967581047381546,0,0,0,0,0,0.2929244054043994
precip_cuencas_lag14,CLIMA,92,3.9962910143094955e-12,True,0.0019813624859592593,1812,0.30253387577667556,0.41828113659340455,False,0.0,-0.0001413477310550637,0.2462686567164179,0.470074812967581,0.16209476309226933,0,0,0,0,0,0.2928127442587561
gen_fuera_merito_d7,EXPOST,214,1.3714338558701793e-20,True,0.007815604560040157,1818,0.5434805932570134,0.6296230504014968,False,0.0,-0.0004963171331377914,0.3283582089552239,0.470074812967581,0.05236907730673317,0,0,0,0,0,0.2836006997431793
trm_lag30,COSTO,161,0.23431603345709956,False,0.0,1796,0.10305552490455319,0.17707375812239903,False,0.0,-3.422137776269985e-05,0.11194029850746269,0.470074812967581,0.26683291770573564,0,0,0,0,0,0.2829493430602598
mjo_pc2_d7,CLIMA,16,6.79141182416999e-24,True,0.0,1818,0.3539499228104108,0.46347840055304607,False,0.0,-5.086705674455239e-05,0.11194029850746269,0.470074812967581,0.24438902743142144,0,0,0,0,0,0.27546804630215505
mjo_amplitud_d7,CLIMA,66,1.0363233948972231e-17,True,0.002996381119142022,1818,0.725747128543016,0.7718263113076519,False,0.0,-0.0003237008539048736,0.2562189054726368,0.470074812967581,0.08977556109725686,0,0,0,0,0,0.27202309317915824
radiacion_cesar_lag30,CLIMA,81,7.083407428012646e-11,True,0.0,1796,0.1664322785403389,0.2613506873953759,False,0.0,-7.262850461173809e-05,0.11194029850746269,0.470074812967581,0.23192019950124687,0,0,0,0,0,0.2713117703254302
humedad_caribe_lag14,CLIMA,84,0.0005327076570397113,True,0.0,1812,0.6146234961745586,0.6910057813856976,False,0.0,-8.302898238076173e-05,0.11194029850746269,0.470074812967581,0.20947630922693267,0,0,0,0,0,0.2638304735673254
capacidad_por_embalse_d7,HIDRO,208,1.2412826735093778e-09,True,0.0,1818,0.09283031094802578,0.16336564501816697,False,0.0,-0.00011517368728595213,0.11194029850746269,0.470074812967581,0.17955112219451372,0,0,0,0,0,0.25385541122318583
mjo_pc1_d7,CLIMA,11,9.930434086278089e-24,True,0.0,1818,0.5805177725469908,0.6592320467906505,False,0.0,-0.00014893907773285697,0.11194029850746269,0.470074812967581,0.1546134663341646,0,0,0,0,0,0.2455428592697361
humedad_caribe_lag7,CLIMA,100,0.0004757007386641979,True,0.0,1819,0.17288326487363806,0.2704010869179389,False,0.0,-0.00016264286768912227,0.11194029850746269,0.470074812967581,0.14713216957605985,0,0,0,0,0,0.24304909368370117
mjo_pc1_lag30,CLIMA,19,1.2792860483816499e-17,True,0.0,1796,0.3674890853020919,0.47349555221615686,False,0.0,-0.00016458315911745957,0.11194029850746269,0.470074812967581,0.14463840399002495,0,0,0,0,0,0.2422178384883562
evap_cuencas_lag30,CLIMA,76,4.7094427963114443e-05,True,0.0,1796,0.33831018934084833,0.44737071090467445,False,0.0,-0.0001720180230736279,0.11194029850746269,0.470074812967581,0.1396508728179551,0,0,0,0,0,0.24055532809766625
temp_caribe_max_lag30,CLIMA,82,1.9738919559029484e-07,True,0.0,1796,0.32244518391924637,0.4362589639788374,False,0.0,-0.0003288498018368502,0.11194029850746269,0.470074812967581,0.08478802992518704,0,0,0,0,0,0.22226771380007693
dem_no_atendida_noprog_lag30,EXPOST,227,0.0,True,0.0,1451,0.145662145904629,0.23236580418119387,False,,,0.11194029850746269,,,0,0,0,0,0,0.11194029850746269
